Taxon,CollDate,Stream,Treatment,Density,Size,FFG
Ameletus,2018,W-113,Y,0,S,SCe
Ameletus,2018,W-100,N,0,S,SCe
Ameletus,2018,CHUCK,N,0,S,SCe
Ameletus,2018,CHUCK,Y,22.22222222261441,S,SCe
Ameletus,2018,W-100,Y,0,S,SCe
Ameletus,2018,W-113,N,0,S,SCe
Ameletus,2018,MCTE,N,15.873015875642766,S,SCe
Ameletus,2018,MCTE,Y,0,S,SCe
Ameletus,2018,LOON,N,0,S,SCe
Ameletus,2018,LOON,Y,0,S,SCe
Ameletus,2017,LOON,Y,3.7037037037037037,S,SCe
Ameletus,2017,MCTE,N,11.111111111111109,S,SCe
Ameletus,2017,CHUCK,Y,0,S,SCe
Ameletus,2017,LOON,N,0,S,SCe
Ameletus,2017,W-113,N,0,S,SCe
Ameletus,2017,W-113,Y,0,S,SCe
Ameletus,2017,CHUCK,N,0,S,SCe
Ameletus,2017,MCTE,Y,0,S,SCe
Ameletus,2017,W-100,N,0,S,SCe
Ameletus,2017,W-100,Y,3.7037037037037037,S,SCe
Amphizoa,2018,CHUCK,N,12.345679012345679,S,P
Amphizoa,2018,CHUCK,Y,0,S,P
Amphizoa,2018,LOON,N,0,S,P
Amphizoa,2018,LOON,Y,0,S,P
Amphizoa,2018,W-113,N,0,S,P
Amphizoa,2018,MCTE,Y,0,S,P
Amphizoa,2018,W-100,N,0,S,P
Amphizoa,2018,W-100,Y,0,S,P
Amphizoa,2017,W-113,N,0,S,P
Amphizoa,2017,W-113,Y,7.407407407407407,S,P
Amphizoa,2017,CHUCK,N,0,S,P
Amphizoa,2017,CHUCK,Y,0,S,P
Amphizoa,2017,LOON,N,0,S,P
Amphizoa,2018,MCTE,N,0,S,P
Amphizoa,2018,W-113,Y,0,S,P
Amphizoa,2017,MCTE,Y,0,S,P
Amphizoa,2017,W-100,N,7.407407407407407,S,P
Amphizoa,2017,LOON,Y,0,S,P
Amphizoa,2017,MCTE,N,0,S,P
Amphizoa,2017,W-100,Y,0,S,P
Ampumixis,2017,MCTE,N,0,S,SCe
Ampumixis,2017,W-100,N,33.333333333333336,S,SCe
Ampumixis,2017,LOON,Y,0,S,SCe
Ampumixis,2017,MCTE,Y,0,S,SCe
Ampumixis,2018,MCTE,N,0,S,SCe
Ampumixis,2018,MCTE,Y,0,S,SCe
Ampumixis,2018,W-100,N,18.51851851851852,S,SCe
Ampumixis,2018,LOON,Y,0,S,SCe
Ampumixis,2017,W-100,Y,29.62962962962963,S,SCe
Ampumixis,2017,W-113,N,22.222222222222218,S,SCe
Ampumixis,2017,W-113,Y,0,S,SCe
Ampumixis,2018,W-100,Y,44.44444444622223,S,SCe
Ampumixis,2017,CHUCK,N,0,S,SCe
Ampumixis,2017,CHUCK,Y,0,S,SCe
Ampumixis,2017,LOON,N,0,S,SCe
Ampumixis,2018,LOON,N,12.345679012345679,S,SCe
Ampumixis,2018,W-113,N,66.66666669333333,S,SCe
Ampumixis,2018,W-113,Y,88.88888889244446,S,SCe
Ampumixis,2018,CHUCK,Y,0,S,SCe
Ampumixis,2018,CHUCK,N,0,S,SCe
Antocha,2018,CHUCK,N,0,S,CG
Antocha,2018,MCTE,N,0,S,CG
Antocha,2018,CHUCK,Y,0,S,CG
Antocha,2018,LOON,Y,0,S,CG
Antocha,2018,W-113,N,0,S,CG
Antocha,2018,W-113,Y,0,S,CG
Antocha,2018,LOON,N,0,S,CG
Antocha,2018,W-100,Y,0,S,CG
Antocha,2017,W-100,Y,3.7037037037037037,S,CG
Antocha,2017,W-113,N,0,S,CG
Antocha,2017,W-113,Y,0,S,CG
Antocha,2018,W-100,N,0,S,CG
Antocha,2017,CHUCK,N,0,S,CG
Antocha,2017,CHUCK,Y,0,S,CG
Antocha,2018,MCTE,Y,0,S,CG
Antocha,2017,LOON,Y,0,S,CG
Antocha,2017,MCTE,N,0,S,CG
Antocha,2017,MCTE,Y,3.7037037037037037,S,CG
Antocha,2017,LOON,N,0,S,CG
Antocha,2017,W-100,N,0,S,CG
Aquarius,2017,MCTE,Y,0,S,P
Aquarius,2017,W-100,N,0,S,P
Aquarius,2017,W-100,Y,0,S,P
Aquarius,2017,MCTE,N,0,S,P
Aquarius,2018,W-100,N,0,S,P
Aquarius,2018,W-100,Y,0,S,P
Aquarius,2018,W-113,N,0,S,P
Aquarius,2018,W-113,Y,0,S,P
Aquarius,2017,W-113,N,0,S,P
Aquarius,2017,W-113,Y,0,S,P
Aquarius,2018,CHUCK,N,0,S,P
Aquarius,2018,CHUCK,Y,0,S,P
Aquarius,2017,CHUCK,N,0,S,P
Aquarius,2017,CHUCK,Y,0,S,P
Aquarius,2017,LOON,N,0,S,P
Aquarius,2017,LOON,Y,0,S,P
Aquarius,2018,MCTE,Y,0,S,P
Aquarius,2018,LOON,N,12.345679012345679,S,P
Aquarius,2018,LOON,Y,0,S,P
Aquarius,2018,MCTE,N,0,S,P
Atheryx,2018,CHUCK,Y,0,S,P
Atheryx,2018,MCTE,Y,0,S,P
Atheryx,2018,LOON,N,0,S,P
Atheryx,2018,LOON,Y,0,S,P
Atheryx,2018,MCTE,N,0,S,P
Atheryx,2018,W-113,Y,0,S,P
Atheryx,2018,W-100,N,0,S,P
Atheryx,2018,W-100,Y,0,S,P
Atheryx,2018,W-113,N,0,S,P
Atheryx,2017,W-113,Y,0,S,P
Atheryx,2018,CHUCK,N,0,S,P
Atheryx,2017,CHUCK,Y,0,S,P
Atheryx,2017,LOON,N,0,S,P
Atheryx,2017,LOON,Y,0,S,P
Atheryx,2017,CHUCK,N,7.407407407407407,S,P
Atheryx,2017,MCTE,Y,0,S,P
Atheryx,2017,W-100,N,0,S,P
Atheryx,2017,W-100,Y,0,S,P
Atheryx,2017,MCTE,N,0,S,P
Atheryx,2017,W-113,N,0,S,P
Atrichopogon,2017,MCTE,Y,0,S,CG
Atrichopogon,2017,W-100,N,0,S,CG
Atrichopogon,2017,W-100,Y,0,S,CG
Atrichopogon,2017,MCTE,N,0,S,CG
Atrichopogon,2018,W-100,N,0,S,CG
Atrichopogon,2018,W-100,Y,0,S,CG
Atrichopogon,2018,W-113,N,0,S,CG
Atrichopogon,2018,W-113,Y,0,S,CG
Atrichopogon,2017,W-113,N,0,S,CG
Atrichopogon,2017,W-113,Y,0,S,CG
Atrichopogon,2018,CHUCK,N,24.691358024691358,S,CG
Atrichopogon,2018,CHUCK,Y,0,S,CG
Atrichopogon,2017,CHUCK,N,0,S,CG
Atrichopogon,2017,CHUCK,Y,0,S,CG
Atrichopogon,2017,LOON,N,0,S,CG
Atrichopogon,2017,LOON,Y,0,S,CG
Atrichopogon,2018,MCTE,Y,0,S,CG
Atrichopogon,2018,LOON,N,0,S,CG
Atrichopogon,2018,LOON,Y,0,S,CG
Atrichopogon,2018,MCTE,N,0,S,CG
Baetis,2018,CHUCK,Y,377.7777778282826,S,CG
Baetis,2018,MCTE,Y,481.4814814814815,S,CG
Baetis,2018,LOON,N,49.382716049382715,S,CG
Baetis,2018,LOON,Y,37.03703703703704,S,CG
Baetis,2018,MCTE,N,257.67195771223646,S,CG
Baetis,2018,W-113,Y,666.6666666933334,S,CG
Baetis,2018,W-100,N,277.77777777777777,S,CG
Baetis,2018,W-100,Y,222.22222223111112,S,CG
Baetis,2018,W-113,N,244.4444445422222,S,CG
Baetis,2017,W-113,Y,159.25925925925927,S,CG
Baetis,2018,CHUCK,N,271.6049382716049,S,CG
Baetis,2017,CHUCK,Y,381.48148148148147,S,CG
Baetis,2017,LOON,N,59.25925925925926,S,CG
Baetis,2017,LOON,Y,74.07407407407408,S,CG
Baetis,2017,CHUCK,N,159.25925925925927,S,CG
Baetis,2017,MCTE,Y,129.62962962962962,S,CG
Baetis,2017,W-100,N,429.6296296296296,S,CG
Baetis,2017,W-100,Y,396.2962962962963,S,CG
Baetis,2017,MCTE,N,174.07407407407405,S,CG
Baetis,2017,W-113,N,259.25925925925924,S,CG
Brachycentrus,2017,MCTE,Y,3.7037037037037037,L,CF
Brachycentrus,2017,W-100,N,0,L,CF
Brachycentrus,2017,W-100,Y,3.7037037037037037,L,CF
Brachycentrus,2017,MCTE,N,0,L,CF
Brachycentrus,2018,LOON,Y,0,L,CF
Brachycentrus,2018,MCTE,N,0,L,CF
Brachycentrus,2018,MCTE,Y,444.4444444444445,L,CF
Brachycentrus,2018,W-100,N,0,L,CF
Brachycentrus,2018,W-100,Y,0,L,CF
Brachycentrus,2018,W-113,N,66.66666669333333,L,CF
Brachycentrus,2017,W-113,N,3.7037037037037037,L,CF
Brachycentrus,2017,W-113,Y,0,L,CF
Brachycentrus,2017,CHUCK,N,3.7037037037037037,L,CF
Brachycentrus,2017,CHUCK,Y,0,L,CF
Brachycentrus,2017,LOON,N,0,L,CF
Brachycentrus,2017,LOON,Y,3.7037037037037037,L,CF
Brachycentrus,2018,LOON,N,24.691358024691358,L,CF
Brachycentrus,2018,W-113,Y,0,L,CF
Brachycentrus,2018,CHUCK,Y,0,L,CF
Brachycentrus,2018,CHUCK,N,0,L,CF
Calineuria,2018,CHUCK,Y,222.22222225406264,L,P
Calineuria,2018,LOON,N,98.76543209876543,L,P
Calineuria,2018,MCTE,Y,378.60082304526753,L,P
Calineuria,2018,W-100,N,222.22222222222226,L,P
Calineuria,2018,MCTE,N,63.49206350638747,L,P
Calineuria,2018,W-113,Y,320.000000012448,L,P
Calineuria,2017,LOON,N,25.925925925925924,L,P
Calineuria,2018,LOON,Y,135.80246913580245,L,P
Calineuria,2018,W-113,N,377.77777792888884,L,P
Calineuria,2017,W-113,N,66.66666666666667,L,P
Calineuria,2017,W-113,Y,14.814814814814815,L,P
Calineuria,2018,CHUCK,N,209.87654320987656,L,P
Calineuria,2018,W-100,Y,266.66666667733335,L,P
Calineuria,2017,CHUCK,N,40.74074074074074,L,P
Calineuria,2017,CHUCK,Y,92.5925925925926,L,P
Calineuria,2017,W-100,N,103.7037037037037,L,P
Calineuria,2017,LOON,Y,70.37037037037037,L,P
Calineuria,2017,MCTE,N,25.925925925925924,L,P
Calineuria,2017,MCTE,Y,18.51851851851852,L,P
Calineuria,2017,W-100,Y,96.29629629629629,L,P
Caudatella,2017,W-113,Y,0,S,CG
Caudatella,2017,W-100,Y,0,S,CG
Caudatella,2017,W-113,N,0,S,CG
Caudatella,2017,CHUCK,N,0,S,CG
Caudatella,2017,W-100,N,0,S,CG
Caudatella,2018,W-100,Y,0,S,CG
Caudatella,2018,W-113,N,0,S,CG
Caudatella,2018,W-113,Y,0,S,CG
Caudatella,2018,LOON,N,0,S,CG
Caudatella,2017,CHUCK,Y,0,S,CG
Caudatella,2018,CHUCK,N,0,S,CG
Caudatella,2018,CHUCK,Y,0,S,CG
Caudatella,2017,MCTE,N,0,S,CG
Caudatella,2017,MCTE,Y,7.407407407407407,S,CG
Caudatella,2017,LOON,N,0,S,CG
Caudatella,2017,LOON,Y,0,S,CG
Caudatella,2018,MCTE,N,0,S,CG
Caudatella,2018,MCTE,Y,0,S,CG
Caudatella,2018,W-100,N,0,S,CG
Caudatella,2018,LOON,Y,0,S,CG
Ceratapogonidae,2018,MCTE,Y,185.1851851851852,S,P
Ceratapogonidae,2018,W-100,N,18.51851851851852,S,P
Ceratapogonidae,2018,LOON,N,49.382716049382715,S,P
Ceratapogonidae,2018,LOON,Y,12.345679012345679,S,P
Ceratapogonidae,2018,MCTE,N,47.61904762798334,S,P
Ceratapogonidae,2017,CHUCK,N,3.7037037037037037,S,P
Ceratapogonidae,2017,CHUCK,Y,7.407407407407407,S,P
Ceratapogonidae,2018,W-100,Y,22.222222223111114,S,P
Ceratapogonidae,2018,W-113,N,88.88888892444443,S,P
Ceratapogonidae,2018,W-113,Y,44.44444444622223,S,P
Ceratapogonidae,2017,MCTE,Y,3.7037037037037037,S,P
Ceratapogonidae,2018,CHUCK,Y,11.111111111912189,S,P
Ceratapogonidae,2017,LOON,N,0,S,P
Ceratapogonidae,2017,LOON,Y,11.111111111111109,S,P
Ceratapogonidae,2017,MCTE,N,0,S,P
Ceratapogonidae,2017,W-113,Y,3.7037037037037037,S,P
Ceratapogonidae,2017,W-100,N,0,S,P
Ceratapogonidae,2017,W-100,Y,22.222222222222218,S,P
Ceratapogonidae,2017,W-113,N,0,S,P
Ceratapogonidae,2018,CHUCK,N,37.03703703703704,S,P
Chironomidae,2017,W-113,Y,37.03703703703704,S,CG
Chironomidae,2017,W-100,Y,992.5925925925926,S,CG
Chironomidae,2017,W-113,N,18.51851851851852,S,CG
Chironomidae,2017,CHUCK,N,48.148148148148145,S,CG
Chironomidae,2017,W-100,N,277.77777777777777,S,CG
Chironomidae,2018,W-100,Y,3066.6666667893337,S,CG
Chironomidae,2018,W-113,N,3111.111112355555,S,CG
Chironomidae,2018,W-113,Y,2088.8888889724444,S,CG
Chironomidae,2018,LOON,N,1049.3827160493827,S,CG
Chironomidae,2017,CHUCK,Y,88.88888888888887,S,CG
Chironomidae,2018,CHUCK,N,617.283950617284,S,CG
Chironomidae,2018,CHUCK,Y,266.66666670934075,S,CG
Chironomidae,2017,MCTE,N,88.88888888888887,S,CG
Chironomidae,2017,MCTE,Y,159.25925925925927,S,CG
Chironomidae,2017,LOON,N,18.51851851851852,S,CG
Chironomidae,2017,LOON,Y,133.33333333333334,S,CG
Chironomidae,2018,MCTE,N,1015.873016103817,S,CG
Chironomidae,2018,MCTE,Y,2666.6666666666665,S,CG
Chironomidae,2018,W-100,N,2037.0370370370372,S,CG
Chironomidae,2018,LOON,Y,1567.9012345679012,S,CG
Chloroperlidae,2018,MCTE,Y,0,L,P
Chloroperlidae,2018,W-100,N,0,L,P
Chloroperlidae,2018,LOON,N,0,L,P
Chloroperlidae,2018,LOON,Y,0,L,P
Chloroperlidae,2018,MCTE,N,0,L,P
Chloroperlidae,2017,CHUCK,N,0,L,P
Chloroperlidae,2017,CHUCK,Y,7.407407407407407,L,P
Chloroperlidae,2018,W-100,Y,0,L,P
Chloroperlidae,2018,W-113,N,22.222222231111108,L,P
Chloroperlidae,2018,W-113,Y,0,L,P
Chloroperlidae,2017,MCTE,Y,0,L,P
Chloroperlidae,2018,CHUCK,Y,0,L,P
Chloroperlidae,2017,LOON,N,0,L,P
Chloroperlidae,2017,LOON,Y,0,L,P
Chloroperlidae,2017,MCTE,N,0,L,P
Chloroperlidae,2017,W-113,Y,0,L,P
Chloroperlidae,2017,W-100,N,0,L,P
Chloroperlidae,2017,W-100,Y,3.7037037037037037,L,P
Chloroperlidae,2017,W-113,N,0,L,P
Chloroperlidae,2018,CHUCK,N,0,L,P
Cinygmula,2017,W-113,Y,0,S,SCe
Cinygmula,2017,W-100,Y,18.51851851851852,S,SCe
Cinygmula,2017,W-113,N,7.407407407407407,S,SCe
Cinygmula,2017,CHUCK,N,3.7037037037037037,S,SCe
Cinygmula,2017,W-100,N,18.51851851851852,S,SCe
Cinygmula,2018,MCTE,N,0,S,SCe
Cinygmula,2018,MCTE,Y,0,S,SCe
Cinygmula,2018,W-100,N,18.51851851851852,S,SCe
Cinygmula,2018,W-100,Y,22.222222223111114,S,SCe
Cinygmula,2018,W-113,N,0,S,SCe
Cinygmula,2018,W-113,Y,0,S,SCe
Cinygmula,2018,CHUCK,N,12.345679012345679,S,SCe
Cinygmula,2018,CHUCK,Y,0,S,SCe
Cinygmula,2017,CHUCK,Y,14.814814814814815,S,SCe
Cinygmula,2017,LOON,N,7.407407407407407,S,SCe
Cinygmula,2017,LOON,Y,0,S,SCe
Cinygmula,2017,MCTE,N,0,S,SCe
Cinygmula,2017,MCTE,Y,3.7037037037037037,S,SCe
Cinygmula,2018,LOON,Y,0,S,SCe
Cinygmula,2018,LOON,N,0,S,SCe
Clam,2018,LOON,Y,0,L,CF
Clam,2018,MCTE,N,0,L,CF
Clam,2018,LOON,N,0,L,CF
Clam,2018,W-100,Y,0,L,CF
Clam,2018,W-113,N,22.222222231111108,L,CF
Clam,2018,MCTE,Y,0,L,CF
Clam,2018,W-100,N,0,L,CF
Clam,2017,LOON,Y,0,L,CF
Clam,2017,MCTE,N,0,L,CF
Clam,2018,W-113,Y,0,L,CF
Clam,2017,LOON,N,0,L,CF
Clam,2017,W-113,Y,0,L,CF
Clam,2018,CHUCK,N,0,L,CF
Clam,2018,CHUCK,Y,0,L,CF
Clam,2017,CHUCK,Y,0,L,CF
Clam,2017,W-100,N,0,L,CF
Clam,2017,W-100,Y,0,L,CF
Clam,2017,CHUCK,N,0,L,CF
Clam,2017,MCTE,Y,0,L,CF
Clam,2017,W-113,N,0,L,CF
Coleoptera,2017,W-113,Y,0,L,CG
Coleoptera,2018,CHUCK,N,0,L,CG
Coleoptera,2017,W-113,N,0,L,CG
Coleoptera,2017,CHUCK,N,0,L,CG
Coleoptera,2017,CHUCK,Y,0,L,CG
Coleoptera,2017,LOON,N,0,L,CG
Coleoptera,2017,W-100,Y,0,L,CG
Coleoptera,2018,W-113,Y,0,L,CG
Coleoptera,2018,LOON,N,0,L,CG
Coleoptera,2018,LOON,Y,0,L,CG
Coleoptera,2018,MCTE,N,0,L,CG
Coleoptera,2018,CHUCK,Y,0,L,CG
Coleoptera,2017,MCTE,N,0,L,CG
Coleoptera,2017,MCTE,Y,0,L,CG
Coleoptera,2017,W-100,N,0,L,CG
Coleoptera,2017,LOON,Y,3.7037037037037037,L,CG
Coleoptera,2018,MCTE,Y,0,L,CG
Coleoptera,2018,W-100,N,0,L,CG
Coleoptera,2018,W-113,N,0,L,CG
Coleoptera,2018,W-100,Y,0,L,CG
Collembola,2018,MCTE,Y,0,S,CG
Collembola,2018,MCTE,N,15.873015874789637,S,CG
Collembola,2018,W-100,N,0,S,CG
Collembola,2018,W-100,Y,0,S,CG
Collembola,2018,W-113,N,0,S,CG
Collembola,2017,CHUCK,N,0,S,CG
Collembola,2017,CHUCK,Y,0,S,CG
Collembola,2017,LOON,N,0,S,CG
Collembola,2017,W-100,Y,0,S,CG
Collembola,2018,W-113,Y,0,S,CG
Collembola,2017,MCTE,Y,0,S,CG
Collembola,2017,W-100,N,0,S,CG
Collembola,2018,LOON,N,0,S,CG
Collembola,2018,LOON,Y,0,S,CG
Collembola,2017,MCTE,N,3.7037037037037037,S,CG
Collembola,2017,W-113,Y,0,S,CG
Collembola,2018,CHUCK,N,0,S,CG
Collembola,2017,LOON,Y,0,S,CG
Collembola,2017,W-113,N,0,S,CG
Collembola,2018,CHUCK,Y,0,S,CG
Copepod,2017,W-113,Y,0,S,CG
Copepod,2018,CHUCK,N,0,S,CG
Copepod,2017,W-113,N,0,S,CG
Copepod,2017,CHUCK,N,0,S,CG
Copepod,2017,CHUCK,Y,0,S,CG
Copepod,2017,LOON,N,0,S,CG
Copepod,2017,W-100,Y,0,S,CG
Copepod,2018,W-113,Y,0,S,CG
Copepod,2018,LOON,N,12.345679012345679,S,CG
Copepod,2018,LOON,Y,0,S,CG
Copepod,2018,MCTE,N,63.49206350425474,S,CG
Copepod,2018,CHUCK,Y,0,S,CG
Copepod,2017,MCTE,N,0,S,CG
Copepod,2017,MCTE,Y,0,S,CG
Copepod,2017,W-100,N,0,S,CG
Copepod,2017,LOON,Y,0,S,CG
Copepod,2018,MCTE,Y,37.03703703703704,S,CG
Copepod,2018,W-100,N,0,S,CG
Copepod,2018,W-113,N,44.444444462222215,S,CG
Copepod,2018,W-100,Y,22.222222223111114,S,CG
Corydalidae,2018,MCTE,Y,0,L,P
Corydalidae,2018,MCTE,N,0,L,P
Corydalidae,2018,W-100,N,0,L,P
Corydalidae,2018,W-100,Y,0,L,P
Corydalidae,2018,W-113,N,0,L,P
Corydalidae,2017,CHUCK,N,0,L,P
Corydalidae,2017,CHUCK,Y,0,L,P
Corydalidae,2017,LOON,N,0,L,P
Corydalidae,2017,W-100,Y,0,L,P
Corydalidae,2018,W-113,Y,0,L,P
Corydalidae,2017,MCTE,Y,0,L,P
Corydalidae,2017,W-100,N,0,L,P
Corydalidae,2018,LOON,N,24.691358024691358,L,P
Corydalidae,2018,LOON,Y,24.691358024691358,L,P
Corydalidae,2017,MCTE,N,0,L,P
Corydalidae,2017,W-113,Y,0,L,P
Corydalidae,2018,CHUCK,N,0,L,P
Corydalidae,2017,LOON,Y,3.7037037037037037,L,P
Corydalidae,2017,W-113,N,0,L,P
Corydalidae,2018,CHUCK,Y,0,L,P
Crayfish,2017,W-113,Y,0,L,CG
Crayfish,2018,CHUCK,N,0,L,CG
Crayfish,2017,W-113,N,0,L,CG
Crayfish,2017,CHUCK,N,0,L,CG
Crayfish,2017,CHUCK,Y,0,L,CG
Crayfish,2017,LOON,N,0,L,CG
Crayfish,2017,W-100,Y,0,L,CG
Crayfish,2018,W-100,Y,0,L,CG
Crayfish,2018,W-113,N,0,L,CG
Crayfish,2018,W-113,Y,0,L,CG
Crayfish,2018,LOON,Y,0,L,CG
Crayfish,2017,LOON,Y,0,L,CG
Crayfish,2018,CHUCK,Y,0,L,CG
Crayfish,2018,LOON,N,0,L,CG
Crayfish,2017,W-100,N,7.407407407407407,L,CG
Crayfish,2018,W-100,N,0,L,CG
Crayfish,2017,MCTE,N,0,L,CG
Crayfish,2017,MCTE,Y,0,L,CG
Crayfish,2018,MCTE,N,0,L,CG
Crayfish,2018,MCTE,Y,0,L,CG
Despaxia,2018,MCTE,N,79.36507938524049,S,SH
Despaxia,2018,MCTE,Y,0,S,SH
Despaxia,2018,W-100,Y,0,S,SH
Despaxia,2018,W-113,N,44.444444462222215,S,SH
Despaxia,2017,CHUCK,Y,7.407407407407407,S,SH
Despaxia,2018,W-113,Y,311.1111111235556,S,SH
Despaxia,2018,W-100,N,18.51851851851852,S,SH
Despaxia,2017,CHUCK,N,22.222222222222218,S,SH
Despaxia,2017,MCTE,Y,3.7037037037037037,S,SH
Despaxia,2017,W-100,N,0,S,SH
Despaxia,2017,LOON,Y,7.407407407407407,S,SH
Despaxia,2017,MCTE,N,0,S,SH
Despaxia,2018,CHUCK,Y,22.22222222492428,S,SH
Despaxia,2018,LOON,N,37.03703703703704,S,SH
Despaxia,2018,LOON,Y,61.7283950617284,S,SH
Despaxia,2017,W-100,Y,3.7037037037037037,S,SH
Despaxia,2017,W-113,N,7.407407407407407,S,SH
Despaxia,2017,W-113,Y,11.111111111111109,S,SH
Despaxia,2017,LOON,N,0,S,SH
Despaxia,2018,CHUCK,N,24.691358024691358,S,SH
Dicranopselaphus variegatus,2017,W-113,Y,0,L,SCe
Dicranopselaphus variegatus,2018,CHUCK,N,0,L,SCe
Dicranopselaphus variegatus,2018,CHUCK,Y,0,L,SCe
Dicranopselaphus variegatus,2017,CHUCK,N,0,L,SCe
Dicranopselaphus variegatus,2017,CHUCK,Y,3.7037037037037037,L,SCe
Dicranopselaphus variegatus,2017,LOON,N,0,L,SCe
Dicranopselaphus variegatus,2017,LOON,Y,3.7037037037037037,L,SCe
Dicranopselaphus variegatus,2017,W-113,N,0,L,SCe
Dicranopselaphus variegatus,2018,LOON,N,0,L,SCe
Dicranopselaphus variegatus,2018,LOON,Y,0,L,SCe
Dicranopselaphus variegatus,2018,MCTE,N,0,L,SCe
Dicranopselaphus variegatus,2018,MCTE,Y,0,L,SCe
Dicranopselaphus variegatus,2017,MCTE,N,0,L,SCe
Dicranopselaphus variegatus,2017,MCTE,Y,0,L,SCe
Dicranopselaphus variegatus,2017,W-100,N,0,L,SCe
Dicranopselaphus variegatus,2017,W-100,Y,0,L,SCe
Dicranopselaphus variegatus,2018,W-113,Y,0,L,SCe
Dicranopselaphus variegatus,2018,W-100,N,0,L,SCe
Dicranopselaphus variegatus,2018,W-100,Y,0,L,SCe
Dicranopselaphus variegatus,2018,W-113,N,0,L,SCe
Dicranota,2018,W-100,N,4.62962962962963,L,P
Dicranota,2018,MCTE,N,0,L,P
Dicranota,2018,W-100,Y,0,L,P
Dicranota,2018,W-113,N,0,L,P
Dicranota,2018,MCTE,Y,0,L,P
Dicranota,2018,W-113,Y,0,L,P
Dicranota,2017,CHUCK,Y,0,L,P
Dicranota,2017,LOON,N,0,L,P
Dicranota,2017,LOON,Y,0,L,P
Dicranota,2017,W-113,N,0,L,P
Dicranota,2017,MCTE,Y,0,L,P
Dicranota,2017,W-100,N,0,L,P
Dicranota,2017,W-100,Y,0,L,P
Dicranota,2018,LOON,Y,0,L,P
Dicranota,2017,CHUCK,N,3.7037037037037037,L,P
Dicranota,2017,W-113,Y,0,L,P
Dicranota,2018,CHUCK,N,0,L,P
Dicranota,2018,CHUCK,Y,0,L,P
Dicranota,2017,MCTE,N,0,L,P
Dicranota,2018,LOON,N,0,L,P
Dixella,2017,W-113,Y,0,S,CG
Dixella,2018,CHUCK,N,0,S,CG
Dixella,2018,CHUCK,Y,11.11111111181219,S,CG
Dixella,2017,CHUCK,N,0,S,CG
Dixella,2017,CHUCK,Y,0,S,CG
Dixella,2017,LOON,N,0,S,CG
Dixella,2017,LOON,Y,0,S,CG
Dixella,2017,W-113,N,0,S,CG
Dixella,2018,LOON,N,0,S,CG
Dixella,2018,LOON,Y,0,S,CG
Dixella,2018,MCTE,N,31.746031749377238,S,CG
Dixella,2018,MCTE,Y,0,S,CG
Dixella,2017,MCTE,N,0,S,CG
Dixella,2017,MCTE,Y,0,S,CG
Dixella,2017,W-100,N,0,S,CG
Dixella,2017,W-100,Y,22.222222222222218,S,CG
Dixella,2018,W-113,Y,0,S,CG
Dixella,2018,W-100,N,0,S,CG
Dixella,2018,W-100,Y,0,S,CG
Dixella,2018,W-113,N,0,S,CG
Dixidae,2018,W-100,N,0,S,CG
Dixidae,2018,MCTE,N,0,S,CG
Dixidae,2018,W-100,Y,0,S,CG
Dixidae,2018,W-113,N,0,S,CG
Dixidae,2018,MCTE,Y,37.03703703703704,S,CG
Dixidae,2018,W-113,Y,0,S,CG
Dixidae,2017,CHUCK,Y,0,S,CG
Dixidae,2017,LOON,N,3.7037037037037037,S,CG
Dixidae,2017,LOON,Y,0,S,CG
Dixidae,2017,W-113,N,0,S,CG
Dixidae,2017,MCTE,Y,0,S,CG
Dixidae,2017,W-100,N,3.7037037037037037,S,CG
Dixidae,2017,W-100,Y,0,S,CG
Dixidae,2018,LOON,Y,49.382716049382715,S,CG
Dixidae,2017,CHUCK,N,0,S,CG
Dixidae,2017,W-113,Y,0,S,CG
Dixidae,2018,CHUCK,N,0,S,CG
Dixidae,2018,CHUCK,Y,44.44444445103849,S,CG
Dixidae,2017,MCTE,N,3.7037037037037037,S,CG
Dixidae,2018,LOON,N,12.345679012345679,S,CG
Doronueria,2017,W-113,Y,0,L,P
Doronueria,2018,CHUCK,N,0,L,P
Doronueria,2018,CHUCK,Y,0,L,P
Doronueria,2017,CHUCK,N,11.111111111111109,L,P
Doronueria,2017,CHUCK,Y,0,L,P
Doronueria,2017,LOON,N,0,L,P
Doronueria,2017,LOON,Y,0,L,P
Doronueria,2017,W-113,N,0,L,P
Doronueria,2018,W-100,Y,0,L,P
Doronueria,2018,W-113,N,0,L,P
Doronueria,2018,W-113,Y,0,L,P
Doronueria,2018,LOON,Y,0,L,P
Doronueria,2017,MCTE,N,0,L,P
Doronueria,2017,MCTE,Y,0,L,P
Doronueria,2018,LOON,N,0,L,P
Doronueria,2017,W-100,Y,0,L,P
Doronueria,2018,W-100,N,0,L,P
Doronueria,2017,W-100,N,0,L,P
Doronueria,2018,MCTE,N,15.873015873801817,L,P
Doronueria,2018,MCTE,Y,0,L,P
Drunella,2017,LOON,N,14.814814814814815,S,SCe
Drunella,2018,MCTE,Y,37.03703703703704,S,SCe
Drunella,2018,W-100,N,185.1851851851852,S,SCe
Drunella,2018,W-113,N,0,S,SCe
Drunella,2018,W-113,Y,311.1111111235556,S,SCe
Drunella,2017,CHUCK,Y,88.88888888888887,S,SCe
Drunella,2017,W-100,N,37.03703703703704,S,SCe
Drunella,2018,W-100,Y,244.44444445422224,S,SCe
Drunella,2017,CHUCK,N,74.07407407407408,S,SCe
Drunella,2017,MCTE,Y,18.51851851851852,S,SCe
Drunella,2018,LOON,Y,12.345679012345679,S,SCe
Drunella,2017,LOON,Y,3.7037037037037037,S,SCe
Drunella,2017,MCTE,N,22.222222222222218,S,SCe
Drunella,2018,LOON,N,61.7283950617284,S,SCe
Drunella,2017,W-113,Y,7.407407407407407,S,SCe
Drunella,2018,MCTE,N,31.746031756089753,S,SCe
Drunella,2017,W-100,Y,159.25925925925927,S,SCe
Drunella,2017,W-113,N,7.407407407407407,S,SCe
Drunella,2018,CHUCK,N,37.03703703703704,S,SCe
Drunella,2018,CHUCK,Y,366.6666667254298,S,SCe
Dubiraphia,2017,CHUCK,N,0,S,CG
Dubiraphia,2018,CHUCK,Y,11.111111113652056,S,CG
Dubiraphia,2018,LOON,N,0,S,CG
Dubiraphia,2018,LOON,Y,0,S,CG
Dubiraphia,2018,CHUCK,N,0,S,CG
Dubiraphia,2017,LOON,N,0,S,CG
Dubiraphia,2017,LOON,Y,0,S,CG
Dubiraphia,2017,MCTE,N,0,S,CG
Dubiraphia,2017,CHUCK,Y,0,S,CG
Dubiraphia,2017,MCTE,Y,0,S,CG
Dubiraphia,2018,MCTE,N,0,S,CG
Dubiraphia,2018,MCTE,Y,0,S,CG
Dubiraphia,2018,W-100,N,0,S,CG
Dubiraphia,2017,W-113,Y,0,S,CG
Dubiraphia,2017,W-100,N,0,S,CG
Dubiraphia,2017,W-100,Y,0,S,CG
Dubiraphia,2017,W-113,N,0,S,CG
Dubiraphia,2018,W-113,Y,0,S,CG
Dubiraphia,2018,W-100,Y,0,S,CG
Dubiraphia,2018,W-113,N,0,S,CG
Dyticidae,2018,W-100,Y,0,L,P
Dyticidae,2018,W-100,N,0,L,P
Dyticidae,2018,MCTE,Y,0,L,P
Dyticidae,2018,W-113,N,0,L,P
Dyticidae,2018,W-113,Y,0,L,P
Dyticidae,2017,MCTE,Y,0,L,P
Dyticidae,2017,W-113,Y,0,L,P
Dyticidae,2017,LOON,N,0,L,P
Dyticidae,2017,LOON,Y,0,L,P
Dyticidae,2017,MCTE,N,0,L,P
Dyticidae,2017,CHUCK,N,0,L,P
Dyticidae,2017,W-100,N,0,L,P
Dyticidae,2017,W-100,Y,0,L,P
Dyticidae,2017,W-113,N,0,L,P
Dyticidae,2018,LOON,N,24.691358024691358,L,P
Dyticidae,2017,CHUCK,Y,0,L,P
Dyticidae,2018,CHUCK,N,12.345679012345679,L,P
Dyticidae,2018,CHUCK,Y,0,L,P
Dyticidae,2018,LOON,Y,0,L,P
Dyticidae,2018,MCTE,N,0,L,P
Elmidae,2017,CHUCK,N,0,S,CG
Elmidae,2018,CHUCK,Y,0,S,CG
Elmidae,2018,LOON,N,12.345679012345679,S,CG
Elmidae,2018,LOON,Y,12.345679012345679,S,CG
Elmidae,2018,CHUCK,N,0,S,CG
Elmidae,2017,LOON,N,3.7037037037037037,S,CG
Elmidae,2017,LOON,Y,3.7037037037037037,S,CG
Elmidae,2017,MCTE,N,0,S,CG
Elmidae,2017,CHUCK,Y,0,S,CG
Elmidae,2017,MCTE,Y,0,S,CG
Elmidae,2018,MCTE,N,0,S,CG
Elmidae,2018,MCTE,Y,37.03703703703704,S,CG
Elmidae,2018,W-100,N,37.03703703703704,S,CG
Elmidae,2017,W-113,Y,29.62962962962963,S,CG
Elmidae,2017,W-100,N,51.85185185185185,S,CG
Elmidae,2017,W-100,Y,14.814814814814815,S,CG
Elmidae,2017,W-113,N,11.111111111111109,S,CG
Elmidae,2018,W-113,Y,22.222222223111114,S,CG
Elmidae,2018,W-100,Y,22.222222223111114,S,CG
Elmidae,2018,W-113,N,66.66666669333333,S,CG
Empididae,2018,W-100,Y,0,S,P
Empididae,2018,W-100,N,0,S,P
Empididae,2018,MCTE,Y,0,S,P
Empididae,2018,W-113,N,0,S,P
Empididae,2018,W-113,Y,0,S,P
Empididae,2017,MCTE,Y,0,S,P
Empididae,2017,W-113,Y,0,S,P
Empididae,2017,LOON,N,3.7037037037037037,S,P
Empididae,2017,LOON,Y,0,S,P
Empididae,2017,MCTE,N,0,S,P
Empididae,2017,CHUCK,N,0,S,P
Empididae,2017,W-100,N,0,S,P
Empididae,2017,W-100,Y,0,S,P
Empididae,2017,W-113,N,0,S,P
Empididae,2018,LOON,N,0,S,P
Empididae,2017,CHUCK,Y,0,S,P
Empididae,2018,CHUCK,N,0,S,P
Empididae,2018,CHUCK,Y,0,S,P
Empididae,2018,LOON,Y,0,S,P
Empididae,2018,MCTE,N,0,S,P
Epeorus,2017,CHUCK,N,7.407407407407407,S,SCe
Epeorus,2018,CHUCK,Y,11.11111111149219,S,SCe
Epeorus,2018,LOON,N,0,S,SCe
Epeorus,2018,LOON,Y,0,S,SCe
Epeorus,2018,CHUCK,N,12.345679012345679,S,SCe
Epeorus,2017,LOON,N,11.111111111111109,S,SCe
Epeorus,2017,LOON,Y,3.7037037037037037,S,SCe
Epeorus,2017,MCTE,N,7.407407407407407,S,SCe
Epeorus,2017,CHUCK,Y,0,S,SCe
Epeorus,2018,W-113,N,0,S,SCe
Epeorus,2018,W-113,Y,44.44444444622223,S,SCe
Epeorus,2018,MCTE,N,0,S,SCe
Epeorus,2018,MCTE,Y,0,S,SCe
Epeorus,2017,MCTE,Y,3.7037037037037037,S,SCe
Epeorus,2017,W-100,N,18.51851851851852,S,SCe
Epeorus,2017,W-100,Y,3.7037037037037037,S,SCe
Epeorus,2017,W-113,N,14.814814814814815,S,SCe
Epeorus,2017,W-113,Y,0,S,SCe
Epeorus,2018,W-100,Y,0,S,SCe
Epeorus,2018,W-100,N,0,S,SCe
Ephemerella,2018,W-113,N,0,S,SCe
Ephemerella,2018,W-113,Y,0,S,SCe
Ephemerella,2017,LOON,Y,0,S,SCe
Ephemerella,2018,W-100,Y,0,S,SCe
Ephemerella,2018,MCTE,Y,0,S,SCe
Ephemerella,2017,LOON,N,0,S,SCe
Ephemerella,2018,W-100,N,0,S,SCe
Ephemerella,2017,W-100,Y,0,S,SCe
Ephemerella,2017,MCTE,N,0,S,SCe
Ephemerella,2017,CHUCK,Y,0,S,SCe
Ephemerella,2017,W-100,N,0,S,SCe
Ephemerella,2018,LOON,Y,0,S,SCe
Ephemerella,2017,W-113,N,0,S,SCe
Ephemerella,2017,MCTE,Y,0,S,SCe
Ephemerella,2017,W-113,Y,0,S,SCe
Ephemerella,2018,CHUCK,N,12.345679012345679,S,SCe
Ephemerella,2018,MCTE,N,15.873015874475351,S,SCe
Ephemerella,2017,CHUCK,N,0,S,SCe
Ephemerella,2018,CHUCK,Y,0,S,SCe
Ephemerella,2018,LOON,N,0,S,SCe
Ephemerellidae,2017,CHUCK,N,0,S,SCe
Ephemerellidae,2017,CHUCK,Y,0,S,SCe
Ephemerellidae,2018,LOON,N,0,S,SCe
Ephemerellidae,2018,LOON,Y,0,S,SCe
Ephemerellidae,2018,MCTE,N,0,S,SCe
Ephemerellidae,2017,LOON,N,0,S,SCe
Ephemerellidae,2017,LOON,Y,0,S,SCe
Ephemerellidae,2017,MCTE,N,0,S,SCe
Ephemerellidae,2017,MCTE,Y,0,S,SCe
Ephemerellidae,2017,W-100,N,0,S,SCe
Ephemerellidae,2018,CHUCK,Y,11.111111113572088,S,SCe
Ephemerellidae,2018,MCTE,Y,0,S,SCe
Ephemerellidae,2018,W-100,N,0,S,SCe
Ephemerellidae,2018,W-100,Y,0,S,SCe
Ephemerellidae,2018,W-113,N,44.444444462222215,S,SCe
Ephemerellidae,2017,W-100,Y,0,S,SCe
Ephemerellidae,2017,W-113,N,0,S,SCe
Ephemerellidae,2017,W-113,Y,0,S,SCe
Ephemerellidae,2018,CHUCK,N,0,S,SCe
Ephemerellidae,2018,W-113,Y,0,S,SCe
Gerridae,2018,W-113,N,0,L,P
Gerridae,2018,W-113,Y,0,L,P
Gerridae,2017,W-100,N,0,L,P
Gerridae,2018,W-100,N,0,L,P
Gerridae,2018,W-100,Y,0,L,P
Gerridae,2017,MCTE,Y,0,L,P
Gerridae,2017,W-113,Y,0,L,P
Gerridae,2018,CHUCK,N,0,L,P
Gerridae,2017,W-100,Y,0,L,P
Gerridae,2017,MCTE,N,0,L,P
Gerridae,2017,CHUCK,N,0,L,P
Gerridae,2017,CHUCK,Y,0,L,P
Gerridae,2018,CHUCK,Y,0,L,P
Gerridae,2017,W-113,N,0,L,P
Gerridae,2018,LOON,N,0,L,P
Gerridae,2018,LOON,Y,0,L,P
Gerridae,2017,LOON,N,0,L,P
Gerridae,2017,LOON,Y,0,L,P
Gerridae,2018,MCTE,N,0,L,P
Gerridae,2018,MCTE,Y,37.03703703703704,L,P
Glossosoma,2017,CHUCK,N,0,S,SCi
Glossosoma,2017,CHUCK,Y,0,S,SCi
Glossosoma,2018,LOON,N,98.76543209876543,S,SCi
Glossosoma,2018,LOON,Y,111.11111111111113,S,SCi
Glossosoma,2018,MCTE,N,15.873015879885758,S,SCi
Glossosoma,2017,LOON,N,0,S,SCi
Glossosoma,2017,LOON,Y,0,S,SCi
Glossosoma,2017,MCTE,N,3.7037037037037037,S,SCi
Glossosoma,2017,MCTE,Y,0,S,SCi
Glossosoma,2017,W-100,N,0,S,SCi
Glossosoma,2018,CHUCK,Y,77.77777779036482,S,SCi
Glossosoma,2018,MCTE,Y,111.11111111111113,S,SCi
Glossosoma,2018,W-100,N,55.555555555555564,S,SCi
Glossosoma,2018,W-100,Y,222.22222223111112,S,SCi
Glossosoma,2018,W-113,N,133.33333338666665,S,SCi
Glossosoma,2017,W-100,Y,11.111111111111109,S,SCi
Glossosoma,2017,W-113,N,14.814814814814815,S,SCi
Glossosoma,2017,W-113,Y,40.74074074074074,S,SCi
Glossosoma,2018,CHUCK,N,185.1851851851852,S,SCi
Glossosoma,2018,W-113,Y,177.7777777848889,S,SCi
Heptageniidae,2018,W-113,N,355.5555556977777,L,SCe
Heptageniidae,2018,W-113,Y,311.1111111235556,L,SCe
Heptageniidae,2017,W-100,N,218.5185185185185,L,SCe
Heptageniidae,2018,W-100,N,222.22222222222226,L,SCe
Heptageniidae,2018,W-100,Y,200.00000000800003,L,SCe
Heptageniidae,2017,MCTE,Y,11.111111111111109,L,SCe
Heptageniidae,2017,W-113,Y,29.62962962962963,L,SCe
Heptageniidae,2018,CHUCK,N,123.4567901234568,L,SCe
Heptageniidae,2017,W-100,Y,25.925925925925924,L,SCe
Heptageniidae,2017,MCTE,N,44.444444444444436,L,SCe
Heptageniidae,2017,CHUCK,N,3.7037037037037037,L,SCe
Heptageniidae,2017,CHUCK,Y,62.96296296296296,L,SCe
Heptageniidae,2018,CHUCK,Y,244.4444444741772,L,SCe
Heptageniidae,2017,W-113,N,7.407407407407407,L,SCe
Heptageniidae,2018,LOON,N,12.345679012345679,L,SCe
Heptageniidae,2018,LOON,Y,111.11111111111113,L,SCe
Heptageniidae,2017,LOON,N,0,L,SCe
Heptageniidae,2017,LOON,Y,29.62962962962963,L,SCe
Heptageniidae,2018,MCTE,N,95.23809526020966,L,SCe
Heptageniidae,2018,MCTE,Y,222.22222222222226,L,SCe
Hesperoperla,2017,CHUCK,N,0,L,P
Hesperoperla,2017,CHUCK,Y,0,L,P
Hesperoperla,2018,LOON,N,0,L,P
Hesperoperla,2018,LOON,Y,0,L,P
Hesperoperla,2018,MCTE,N,0,L,P
Hesperoperla,2017,LOON,N,0,L,P
Hesperoperla,2017,LOON,Y,0,L,P
Hesperoperla,2017,MCTE,N,0,L,P
Hesperoperla,2017,MCTE,Y,0,L,P
Hesperoperla,2017,W-100,N,0,L,P
Hesperoperla,2018,CHUCK,Y,0,L,P
Hesperoperla,2017,W-100,Y,0,L,P
Hesperoperla,2018,MCTE,Y,0,L,P
Hesperoperla,2018,W-100,N,148.14814814814815,L,P
Hesperoperla,2018,W-100,Y,0,L,P
Hesperoperla,2018,W-113,Y,0,L,P
Hesperoperla,2017,W-113,N,0,L,P
Hesperoperla,2017,W-113,Y,0,L,P
Hesperoperla,2018,CHUCK,N,0,L,P
Hesperoperla,2018,W-113,N,0,L,P
Hexatoma,2018,W-113,N,0,L,P
Hexatoma,2018,W-113,Y,0,L,P
Hexatoma,2017,LOON,Y,3.7037037037037037,L,P
Hexatoma,2017,MCTE,Y,7.407407407407407,L,P
Hexatoma,2018,W-100,N,32.40740740740741,L,P
Hexatoma,2018,W-100,Y,0,L,P
Hexatoma,2017,MCTE,N,0,L,P
Hexatoma,2018,MCTE,Y,0,L,P
Hexatoma,2017,W-113,Y,0,L,P
Hexatoma,2017,W-100,N,0,L,P
Hexatoma,2017,W-100,Y,0,L,P
Hexatoma,2017,W-113,N,0,L,P
Hexatoma,2017,CHUCK,N,0,L,P
Hexatoma,2018,CHUCK,N,0,L,P
Hexatoma,2017,LOON,N,0,L,P
Hexatoma,2018,CHUCK,Y,0,L,P
Hexatoma,2018,LOON,N,0,L,P
Hexatoma,2017,CHUCK,Y,3.7037037037037037,L,P
Hexatoma,2018,MCTE,N,0,L,P
Hexatoma,2018,LOON,Y,0,L,P
Hydrophilidae,2017,CHUCK,Y,0,L,CG
Hydrophilidae,2017,LOON,N,0,L,CG
Hydrophilidae,2017,CHUCK,N,0,L,CG
Hydrophilidae,2018,LOON,Y,0,L,CG
Hydrophilidae,2018,MCTE,N,0,L,CG
Hydrophilidae,2018,MCTE,Y,0,L,CG
Hydrophilidae,2017,LOON,Y,0,L,CG
Hydrophilidae,2017,MCTE,N,0,L,CG
Hydrophilidae,2017,MCTE,Y,0,L,CG
Hydrophilidae,2017,W-100,N,22.222222222222218,L,CG
Hydrophilidae,2017,W-100,Y,7.407407407407407,L,CG
Hydrophilidae,2018,LOON,N,0,L,CG
Hydrophilidae,2018,W-100,N,0,L,CG
Hydrophilidae,2018,W-100,Y,0,L,CG
Hydrophilidae,2018,W-113,N,0,L,CG
Hydrophilidae,2018,W-113,Y,0,L,CG
Hydrophilidae,2017,W-113,N,0,L,CG
Hydrophilidae,2017,W-113,Y,0,L,CG
Hydrophilidae,2018,CHUCK,N,0,L,CG
Hydrophilidae,2018,CHUCK,Y,0,L,CG
Hydropsychidae,2018,W-113,Y,0,L,CF
Hydropsychidae,2017,MCTE,Y,0,L,CF
Hydropsychidae,2017,W-100,N,0,L,CF
Hydropsychidae,2017,W-100,Y,14.814814814814815,L,CF
Hydropsychidae,2018,W-100,Y,0,L,CF
Hydropsychidae,2018,W-113,N,0,L,CF
Hydropsychidae,2017,W-113,Y,3.7037037037037037,L,CF
Hydropsychidae,2018,CHUCK,N,0,L,CF
Hydropsychidae,2018,CHUCK,Y,0,L,CF
Hydropsychidae,2017,W-113,N,0,L,CF
Hydropsychidae,2017,CHUCK,N,0,L,CF
Hydropsychidae,2017,CHUCK,Y,0,L,CF
Hydropsychidae,2017,LOON,N,0,L,CF
Hydropsychidae,2018,LOON,N,0,L,CF
Hydropsychidae,2017,MCTE,N,0,L,CF
Hydropsychidae,2018,LOON,Y,0,L,CF
Hydropsychidae,2018,MCTE,N,0,L,CF
Hydropsychidae,2017,LOON,Y,0,L,CF
Hydropsychidae,2018,W-100,N,166.66666666666666,L,CF
Hydropsychidae,2018,MCTE,Y,0,L,CF
Ironodes,2017,CHUCK,Y,0,S,SCe
Ironodes,2017,LOON,N,0,S,SCe
Ironodes,2017,CHUCK,N,0,S,SCe
Ironodes,2018,LOON,Y,0,S,SCe
Ironodes,2018,MCTE,N,0,S,SCe
Ironodes,2018,MCTE,Y,0,S,SCe
Ironodes,2017,LOON,Y,0,S,SCe
Ironodes,2017,MCTE,N,59.25925925925926,S,SCe
Ironodes,2017,MCTE,Y,0,S,SCe
Ironodes,2017,W-100,N,0,S,SCe
Ironodes,2017,W-100,Y,0,S,SCe
Ironodes,2018,LOON,N,0,S,SCe
Ironodes,2018,W-100,N,0,S,SCe
Ironodes,2018,W-100,Y,0,S,SCe
Ironodes,2018,W-113,N,0,S,SCe
Ironodes,2018,W-113,Y,22.222222223111114,S,SCe
Ironodes,2017,W-113,N,11.111111111111109,S,SCe
Ironodes,2017,W-113,Y,0,S,SCe
Ironodes,2018,CHUCK,N,0,S,SCe
Ironodes,2018,CHUCK,Y,0,S,SCe
Juga,2018,W-113,Y,600.0000000240001,S,SCi
Juga,2017,MCTE,Y,25.925925925925924,S,SCi
Juga,2017,W-100,N,14.814814814814815,S,SCi
Juga,2017,W-100,Y,88.88888888888887,S,SCi
Juga,2018,W-100,Y,1155.5555556017778,S,SCi
Juga,2018,W-113,N,488.8888890844444,S,SCi
Juga,2017,W-113,Y,0,S,SCi
Juga,2018,CHUCK,N,24.691358024691358,S,SCi
Juga,2018,CHUCK,Y,44.44444444976856,S,SCi
Juga,2017,W-113,N,22.222222222222218,S,SCi
Juga,2017,CHUCK,N,0,S,SCi
Juga,2017,CHUCK,Y,3.7037037037037037,S,SCi
Juga,2017,LOON,N,0,S,SCi
Juga,2018,LOON,N,12.345679012345679,S,SCi
Juga,2017,MCTE,N,18.51851851851852,S,SCi
Juga,2018,LOON,Y,0,S,SCi
Juga,2018,MCTE,N,95.23809525998524,S,SCi
Juga,2017,LOON,Y,0,S,SCi
Juga,2018,W-100,N,1171.2962962962963,S,SCi
Juga,2018,MCTE,Y,259.2592592592593,S,SCi
Lara,2017,CHUCK,Y,0,S,SH
Lara,2017,LOON,N,0,S,SH
Lara,2017,CHUCK,N,0,S,SH
Lara,2018,LOON,Y,0,S,SH
Lara,2018,MCTE,N,0,S,SH
Lara,2018,MCTE,Y,0,S,SH
Lara,2017,LOON,Y,0,S,SH
Lara,2017,MCTE,N,0,S,SH
Lara,2017,MCTE,Y,0,S,SH
Lara,2017,W-100,N,3.7037037037037037,S,SH
Lara,2017,W-100,Y,33.333333333333336,S,SH
Lara,2018,LOON,N,12.345679012345679,S,SH
Lara,2017,W-113,N,7.407407407407407,S,SH
Lara,2017,W-113,Y,22.222222222222218,S,SH
Lara,2018,W-100,N,74.07407407407408,S,SH
Lara,2018,W-100,Y,44.44444444622223,S,SH
Lara,2018,W-113,Y,88.88888889244446,S,SH
Lara,2018,CHUCK,N,0,S,SH
Lara,2018,CHUCK,Y,0,S,SH
Lara,2018,W-113,N,66.66666669333333,S,SH
Lepidostoma,2018,W-113,N,0,L,SH
Lepidostoma,2018,W-113,Y,0,L,SH
Lepidostoma,2017,W-100,N,3.7037037037037037,L,SH
Lepidostoma,2017,LOON,Y,0,L,SH
Lepidostoma,2017,MCTE,Y,14.814814814814815,L,SH
Lepidostoma,2018,W-100,Y,0,L,SH
Lepidostoma,2017,LOON,N,0,L,SH
Lepidostoma,2017,MCTE,N,0,L,SH
Lepidostoma,2018,W-100,N,18.51851851851852,L,SH
Lepidostoma,2017,W-113,Y,0,L,SH
Lepidostoma,2018,CHUCK,N,0,L,SH
Lepidostoma,2017,W-100,Y,0,L,SH
Lepidostoma,2017,W-113,N,0,L,SH
Lepidostoma,2017,CHUCK,N,0,L,SH
Lepidostoma,2017,CHUCK,Y,7.407407407407407,L,SH
Lepidostoma,2018,MCTE,Y,74.07407407407408,L,SH
Lepidostoma,2018,CHUCK,Y,77.77777779280468,L,SH
Lepidostoma,2018,LOON,N,0,L,SH
Lepidostoma,2018,LOON,Y,0,L,SH
Lepidostoma,2018,MCTE,N,0,L,SH
Leptophlebiidae,2017,LOON,N,0,L,CG
Leptophlebiidae,2017,LOON,Y,0,L,CG
Leptophlebiidae,2017,MCTE,N,0,L,CG
Leptophlebiidae,2017,CHUCK,Y,3.7037037037037037,L,CG
Leptophlebiidae,2018,MCTE,N,0,L,CG
Leptophlebiidae,2018,MCTE,Y,0,L,CG
Leptophlebiidae,2018,W-100,N,0,L,CG
Leptophlebiidae,2018,W-100,Y,0,L,CG
Leptophlebiidae,2017,MCTE,Y,0,L,CG
Leptophlebiidae,2017,W-100,N,0,L,CG
Leptophlebiidae,2017,W-100,Y,0,L,CG
Leptophlebiidae,2017,W-113,N,0,L,CG
Leptophlebiidae,2017,CHUCK,N,0,L,CG
Leptophlebiidae,2017,W-113,Y,0,L,CG
Leptophlebiidae,2018,W-113,N,0,L,CG
Leptophlebiidae,2018,W-113,Y,0,L,CG
Leptophlebiidae,2018,LOON,N,0,L,CG
Leptophlebiidae,2018,LOON,Y,0,L,CG
Leptophlebiidae,2018,CHUCK,N,0,L,CG
Leptophlebiidae,2018,CHUCK,Y,0,L,CG
Leuctridae,2017,W-113,N,7.407407407407407,L,SH
Leuctridae,2018,W-113,Y,88.88888889244446,L,SH
Leuctridae,2017,W-100,N,0,L,SH
Leuctridae,2017,W-100,Y,0,L,SH
Leuctridae,2017,CHUCK,N,0,L,SH
Leuctridae,2017,W-113,Y,0,L,SH
Leuctridae,2017,MCTE,Y,0,L,SH
Leuctridae,2018,CHUCK,N,37.03703703703704,L,SH
Leuctridae,2018,CHUCK,Y,33.333333340286266,L,SH
Leuctridae,2018,LOON,N,49.382716049382715,L,SH
Leuctridae,2018,LOON,Y,37.03703703703704,L,SH
Leuctridae,2017,CHUCK,Y,0,L,SH
Leuctridae,2017,LOON,N,0,L,SH
Leuctridae,2017,LOON,Y,0,L,SH
Leuctridae,2017,MCTE,N,0,L,SH
Leuctridae,2018,W-113,N,88.88888892444443,L,SH
Leuctridae,2018,MCTE,N,15.873015873824263,L,SH
Leuctridae,2018,MCTE,Y,37.03703703703704,L,SH
Leuctridae,2018,W-100,N,0,L,SH
Leuctridae,2018,W-100,Y,22.222222223111114,L,SH
Limnephilidae,2017,LOON,N,7.407407407407407,L,SH
Limnephilidae,2017,LOON,Y,0,L,SH
Limnephilidae,2017,MCTE,N,0,L,SH
Limnephilidae,2017,CHUCK,Y,0,L,SH
Limnephilidae,2018,MCTE,N,0,L,SH
Limnephilidae,2018,MCTE,Y,0,L,SH
Limnephilidae,2018,W-100,N,0,L,SH
Limnephilidae,2018,W-100,Y,0,L,SH
Limnephilidae,2017,MCTE,Y,11.111111111111109,L,SH
Limnephilidae,2017,W-100,N,3.7037037037037037,L,SH
Limnephilidae,2017,W-100,Y,0,L,SH
Limnephilidae,2017,W-113,N,0,L,SH
Limnephilidae,2017,CHUCK,N,0,L,SH
Limnephilidae,2017,W-113,Y,0,L,SH
Limnephilidae,2018,W-113,N,0,L,SH
Limnephilidae,2018,W-113,Y,0,L,SH
Limnephilidae,2018,LOON,N,0,L,SH
Limnephilidae,2018,LOON,Y,0,L,SH
Limnephilidae,2018,CHUCK,N,37.03703703703704,L,SH
Limnephilidae,2018,CHUCK,Y,0,L,SH
Malenka,2017,W-113,N,0,S,SH
Malenka,2018,W-113,Y,0,S,SH
Malenka,2017,W-100,N,0,S,SH
Malenka,2017,W-100,Y,0,S,SH
Malenka,2017,CHUCK,N,0,S,SH
Malenka,2017,W-113,Y,0,S,SH
Malenka,2017,MCTE,Y,0,S,SH
Malenka,2018,CHUCK,N,0,S,SH
Malenka,2018,CHUCK,Y,0,S,SH
Malenka,2018,LOON,N,0,S,SH
Malenka,2018,LOON,Y,0,S,SH
Malenka,2017,CHUCK,Y,0,S,SH
Malenka,2017,LOON,N,0,S,SH
Malenka,2017,LOON,Y,0,S,SH
Malenka,2017,MCTE,N,22.222222222222218,S,SH
Malenka,2018,W-113,N,0,S,SH
Malenka,2018,MCTE,N,0,S,SH
Malenka,2018,MCTE,Y,0,S,SH
Malenka,2018,W-100,N,0,S,SH
Malenka,2018,W-100,Y,0,S,SH
Meringodixa,2017,LOON,N,0,S,CG
Meringodixa,2017,LOON,Y,0,S,CG
Meringodixa,2017,MCTE,N,0,S,CG
Meringodixa,2017,CHUCK,Y,0,S,CG
Meringodixa,2018,MCTE,N,31.746031753238597,S,CG
Meringodixa,2018,MCTE,Y,148.14814814814815,S,CG
Meringodixa,2018,W-100,N,92.5925925925926,S,CG
Meringodixa,2018,W-100,Y,0,S,CG
Meringodixa,2017,MCTE,Y,0,S,CG
Meringodixa,2017,W-100,N,7.407407407407407,S,CG
Meringodixa,2017,W-100,Y,3.7037037037037037,S,CG
Meringodixa,2017,W-113,N,0,S,CG
Meringodixa,2017,CHUCK,N,0,S,CG
Meringodixa,2017,W-113,Y,0,S,CG
Meringodixa,2018,CHUCK,N,0,S,CG
Meringodixa,2018,W-113,N,0,S,CG
Meringodixa,2018,W-113,Y,0,S,CG
Meringodixa,2018,LOON,Y,0,S,CG
Meringodixa,2018,CHUCK,Y,55.555555559590886,S,CG
Meringodixa,2018,LOON,N,12.345679012345679,S,CG
Micrasema,2017,CHUCK,Y,22.222222222222218,S,SCi
Micrasema,2017,CHUCK,N,55.55555555555555,S,SCi
Micrasema,2017,MCTE,Y,125.92592592592592,S,SCi
Micrasema,2017,LOON,N,14.814814814814815,S,SCi
Micrasema,2017,LOON,Y,48.148148148148145,S,SCi
Micrasema,2017,MCTE,N,70.37037037037037,S,SCi
Micrasema,2018,LOON,Y,246.9135802469136,S,SCi
Micrasema,2018,MCTE,N,269.84126989834147,S,SCi
Micrasema,2018,MCTE,Y,3333.3333333333335,S,SCi
Micrasema,2018,W-100,N,129.62962962962965,S,SCi
Micrasema,2018,W-100,Y,177.7777777848889,S,SCi
Micrasema,2018,W-113,N,66.66666669333333,S,SCi
Micrasema,2017,W-100,N,18.51851851851852,S,SCi
Micrasema,2017,W-100,Y,307.4074074074074,S,SCi
Micrasema,2017,W-113,N,22.222222222222218,S,SCi
Micrasema,2017,W-113,Y,85.18518518518518,S,SCi
Micrasema,2018,CHUCK,N,296.2962962962963,S,SCi
Micrasema,2018,CHUCK,Y,100.00000000778958,S,SCi
Micrasema,2018,LOON,N,567.9012345679013,S,SCi
Micrasema,2018,W-113,Y,355.5555555697778,S,SCi
Mite,2018,W-113,Y,222.22222223111112,S,CG
Mite,2017,W-100,N,44.444444444444436,S,CG
Mite,2017,W-100,Y,222.2222222222222,S,CG
Mite,2017,W-113,Y,25.925925925925924,S,CG
Mite,2018,CHUCK,N,172.8395061728395,S,CG
Mite,2018,CHUCK,Y,111.11111112608135,S,CG
Mite,2017,W-113,N,37.03703703703704,S,CG
Mite,2017,CHUCK,N,125.92592592592592,S,CG
Mite,2017,CHUCK,Y,96.29629629629629,S,CG
Mite,2017,LOON,N,0,S,CG
Mite,2017,LOON,Y,166.66666666666666,S,CG
Mite,2017,MCTE,N,126.20959947995125,S,CG
Mite,2017,MCTE,Y,244.44444444444443,S,CG
Mite,2018,MCTE,N,523.8095239291218,S,CG
Mite,2018,MCTE,Y,629.6296296296297,S,CG
Mite,2018,LOON,N,654.320987654321,S,CG
Mite,2018,LOON,Y,481.4814814814815,S,CG
Mite,2018,W-113,N,177.77777784888886,S,CG
Mite,2018,W-100,N,518.5185185185186,S,CG
Mite,2018,W-100,Y,488.88888890844447,S,CG
Moselia,2017,CHUCK,Y,0,S,SH
Moselia,2017,CHUCK,N,0,S,SH
Moselia,2017,MCTE,Y,11.111111111111109,S,SH
Moselia,2017,LOON,N,0,S,SH
Moselia,2017,LOON,Y,0,S,SH
Moselia,2017,MCTE,N,14.814814814814815,S,SH
Moselia,2018,LOON,Y,12.345679012345679,S,SH
Moselia,2018,MCTE,N,47.619047631440615,S,SH
Moselia,2018,MCTE,Y,37.03703703703704,S,SH
Moselia,2018,W-100,N,0,S,SH
Moselia,2018,W-100,Y,22.222222223111114,S,SH
Moselia,2018,W-113,N,0,S,SH
Moselia,2017,W-100,N,0,S,SH
Moselia,2017,W-100,Y,3.7037037037037037,S,SH
Moselia,2017,W-113,N,0,S,SH
Moselia,2017,W-113,Y,0,S,SH
Moselia,2018,CHUCK,N,0,S,SH
Moselia,2018,CHUCK,Y,11.111111112612123,S,SH
Moselia,2018,LOON,N,0,S,SH
Moselia,2018,W-113,Y,22.222222223111114,S,SH
Narpus,2018,W-113,Y,0,S,CG
Narpus,2017,W-100,N,0,S,CG
Narpus,2017,W-100,Y,3.7037037037037037,S,CG
Narpus,2017,W-113,Y,0,S,CG
Narpus,2018,CHUCK,N,0,S,CG
Narpus,2018,CHUCK,Y,0,S,CG
Narpus,2017,W-113,N,0,S,CG
Narpus,2017,CHUCK,N,0,S,CG
Narpus,2017,CHUCK,Y,0,S,CG
Narpus,2017,LOON,N,0,S,CG
Narpus,2017,LOON,Y,0,S,CG
Narpus,2017,MCTE,N,0,S,CG
Narpus,2017,MCTE,Y,0,S,CG
Narpus,2018,MCTE,N,0,S,CG
Narpus,2018,MCTE,Y,0,S,CG
Narpus,2018,LOON,N,0,S,CG
Narpus,2018,LOON,Y,0,S,CG
Narpus,2018,W-113,N,0,S,CG
Narpus,2018,W-100,N,0,S,CG
Narpus,2018,W-100,Y,0,S,CG
Nemoura,2017,CHUCK,Y,0,S,SH
Nemoura,2017,CHUCK,N,0,S,SH
Nemoura,2017,MCTE,Y,0,S,SH
Nemoura,2017,LOON,N,0,S,SH
Nemoura,2017,LOON,Y,0,S,SH
Nemoura,2017,MCTE,N,0,S,SH
Nemoura,2018,LOON,Y,160.49382716049385,S,SH
Nemoura,2018,MCTE,N,0,S,SH
Nemoura,2018,MCTE,Y,0,S,SH
Nemoura,2018,W-100,N,0,S,SH
Nemoura,2018,W-100,Y,0,S,SH
Nemoura,2018,W-113,N,0,S,SH
Nemoura,2017,W-100,N,0,S,SH
Nemoura,2017,W-100,Y,0,S,SH
Nemoura,2017,W-113,N,0,S,SH
Nemoura,2017,W-113,Y,0,S,SH
Nemoura,2018,CHUCK,N,61.7283950617284,S,SH
Nemoura,2018,CHUCK,Y,11.111111112152157,S,SH
Nemoura,2018,LOON,N,12.345679012345679,S,SH
Nemoura,2018,W-113,Y,0,S,SH
Nemouridae,2017,MCTE,Y,0,S,SH
Nemouridae,2017,W-100,N,0,S,SH
Nemouridae,2017,W-100,Y,0,S,SH
Nemouridae,2018,W-113,Y,0,S,SH
Nemouridae,2017,W-113,Y,0,S,SH
Nemouridae,2018,CHUCK,N,0,S,SH
Nemouridae,2018,CHUCK,Y,0,S,SH
Nemouridae,2017,W-113,N,3.7037037037037037,S,SH
Nemouridae,2017,CHUCK,N,0,S,SH
Nemouridae,2017,CHUCK,Y,0,S,SH
Nemouridae,2017,LOON,N,0,S,SH
Nemouridae,2017,LOON,Y,0,S,SH
Nemouridae,2017,MCTE,N,0,S,SH
Nemouridae,2018,W-113,N,22.222222231111108,S,SH
Nemouridae,2018,MCTE,N,0,S,SH
Nemouridae,2018,MCTE,Y,0,S,SH
Nemouridae,2018,LOON,N,12.345679012345679,S,SH
Nemouridae,2018,LOON,Y,0,S,SH
Nemouridae,2018,W-100,N,0,S,SH
Nemouridae,2018,W-100,Y,0,S,SH
Neophylax,2017,CHUCK,Y,0,L,SCi
Neophylax,2017,LOON,N,0,L,SCi
Neophylax,2017,MCTE,Y,0,L,SCi
Neophylax,2017,W-100,N,0,L,SCi
Neophylax,2017,LOON,Y,0,L,SCi
Neophylax,2017,MCTE,N,0,L,SCi
Neophylax,2017,CHUCK,N,0,L,SCi
Neophylax,2018,MCTE,N,0,L,SCi
Neophylax,2018,MCTE,Y,0,L,SCi
Neophylax,2018,W-100,N,0,L,SCi
Neophylax,2018,W-100,Y,0,L,SCi
Neophylax,2018,W-113,N,0,L,SCi
Neophylax,2018,W-113,Y,44.44444444622223,L,SCi
Neophylax,2017,W-100,Y,0,L,SCi
Neophylax,2017,W-113,N,3.7037037037037037,L,SCi
Neophylax,2017,W-113,Y,0,L,SCi
Neophylax,2018,CHUCK,N,0,L,SCi
Neophylax,2018,CHUCK,Y,33.33333334009623,L,SCi
Neophylax,2018,LOON,N,10.582010582010582,L,SCi
Neophylax,2018,LOON,Y,0,L,SCi
Octogomphus,2017,W-100,N,0,L,P
Octogomphus,2017,W-100,Y,0,L,P
Octogomphus,2017,W-113,N,14.814814814814815,L,P
Octogomphus,2017,W-113,Y,7.407407407407407,L,P
Octogomphus,2018,CHUCK,N,0,L,P
Octogomphus,2018,CHUCK,Y,0,L,P
Octogomphus,2018,LOON,N,0,L,P
Octogomphus,2017,CHUCK,N,0,L,P
Octogomphus,2017,CHUCK,Y,0,L,P
Octogomphus,2017,LOON,N,0,L,P
Octogomphus,2017,LOON,Y,0,L,P
Octogomphus,2017,MCTE,N,0,L,P
Octogomphus,2017,MCTE,Y,0,L,P
Octogomphus,2018,W-113,Y,22.222222223111114,L,P
Octogomphus,2018,MCTE,Y,0,L,P
Octogomphus,2018,W-100,N,0,L,P
Octogomphus,2018,LOON,Y,0,L,P
Octogomphus,2018,MCTE,N,0,L,P
Octogomphus,2018,W-100,Y,0,L,P
Octogomphus,2018,W-113,N,22.222222231111108,L,P
Orohermes,2017,CHUCK,Y,0,L,P
Orohermes,2017,LOON,N,0,L,P
Orohermes,2017,MCTE,Y,0,L,P
Orohermes,2017,W-100,N,14.814814814814815,L,P
Orohermes,2017,LOON,Y,0,L,P
Orohermes,2017,MCTE,N,7.407407407407407,L,P
Orohermes,2017,CHUCK,N,0,L,P
Orohermes,2018,MCTE,N,31.746031753305942,L,P
Orohermes,2018,MCTE,Y,4.1152263374485605,L,P
Orohermes,2018,W-100,N,4.62962962962963,L,P
Orohermes,2018,W-100,Y,66.66666666933334,L,P
Orohermes,2018,W-113,N,0,L,P
Orohermes,2018,W-113,Y,31.111111112003556,L,P
Orohermes,2017,W-100,Y,0,L,P
Orohermes,2017,W-113,N,0,L,P
Orohermes,2017,W-113,Y,0,L,P
Orohermes,2018,CHUCK,N,0,L,P
Orohermes,2018,CHUCK,Y,0,L,P
Orohermes,2018,LOON,N,0,L,P
Orohermes,2018,LOON,Y,0,L,P
Ostrocod,2017,W-100,N,0,S,CF
Ostrocod,2017,W-100,Y,0,S,CF
Ostrocod,2017,W-113,N,0,S,CF
Ostrocod,2017,W-113,Y,3.7037037037037037,S,CF
Ostrocod,2018,CHUCK,N,962.962962962963,S,CF
Ostrocod,2018,CHUCK,Y,322.22222226951175,S,CF
Ostrocod,2018,LOON,N,0,S,CF
Ostrocod,2017,CHUCK,N,14.814814814814815,S,CF
Ostrocod,2017,CHUCK,Y,70.37037037037037,S,CF
Ostrocod,2017,LOON,N,0,S,CF
Ostrocod,2017,LOON,Y,0,S,CF
Ostrocod,2017,MCTE,N,25.925925925925924,S,CF
Ostrocod,2017,MCTE,Y,18.51851851851852,S,CF
Ostrocod,2018,W-113,Y,0,S,CF
Ostrocod,2018,MCTE,Y,592.5925925925926,S,CF
Ostrocod,2018,W-100,N,0,S,CF
Ostrocod,2018,LOON,Y,12.345679012345679,S,CF
Ostrocod,2018,MCTE,N,428.5714286824494,S,CF
Ostrocod,2018,W-100,Y,0,S,CF
Ostrocod,2018,W-113,N,0,S,CF
Paraleptophlebia,2017,CHUCK,Y,33.333333333333336,S,CG
Paraleptophlebia,2017,LOON,N,22.222222222222218,S,CG
Paraleptophlebia,2017,MCTE,Y,40.74074074074074,S,CG
Paraleptophlebia,2017,W-100,N,0,S,CG
Paraleptophlebia,2017,LOON,Y,22.222222222222218,S,CG
Paraleptophlebia,2017,MCTE,N,162.96296296296296,S,CG
Paraleptophlebia,2017,CHUCK,N,25.925925925925924,S,CG
Paraleptophlebia,2018,MCTE,N,174.6031746405337,S,CG
Paraleptophlebia,2018,MCTE,Y,148.14814814814815,S,CG
Paraleptophlebia,2018,W-100,N,0,S,CG
Paraleptophlebia,2018,W-100,Y,22.222222223111114,S,CG
Paraleptophlebia,2018,W-113,N,88.88888892444443,S,CG
Paraleptophlebia,2018,W-113,Y,133.33333333866668,S,CG
Paraleptophlebia,2017,W-100,Y,3.7037037037037037,S,CG
Paraleptophlebia,2017,W-113,N,3.7037037037037037,S,CG
Paraleptophlebia,2017,W-113,Y,0,S,CG
Paraleptophlebia,2018,CHUCK,N,24.691358024691358,S,CG
Paraleptophlebia,2018,CHUCK,Y,22.22222222393434,S,CG
Paraleptophlebia,2018,LOON,N,37.03703703703704,S,CG
Paraleptophlebia,2018,LOON,Y,74.07407407407408,S,CG
Parapsyche,2017,CHUCK,N,0,L,CF
Parapsyche,2017,CHUCK,Y,0,L,CF
Parapsyche,2017,LOON,N,0,L,CF
Parapsyche,2017,LOON,Y,0,L,CF
Parapsyche,2017,MCTE,N,7.407407407407407,L,CF
Parapsyche,2017,MCTE,Y,0,L,CF
Parapsyche,2017,W-100,N,3.7037037037037037,L,CF
Parapsyche,2017,W-100,Y,3.7037037037037037,L,CF
Parapsyche,2017,W-113,N,22.222222222222218,L,CF
Parapsyche,2017,W-113,Y,3.7037037037037037,L,CF
Parapsyche,2018,CHUCK,N,0,L,CF
Parapsyche,2018,CHUCK,Y,0,L,CF
Parapsyche,2018,LOON,N,0,L,CF
Parapsyche,2018,LOON,Y,0,L,CF
Parapsyche,2018,MCTE,N,0,L,CF
Parapsyche,2018,MCTE,Y,0,L,CF
Parapsyche,2018,W-100,N,111.11111111111113,L,CF
Parapsyche,2018,W-100,Y,22.222222223111114,L,CF
Parapsyche,2018,W-113,N,311.1111112355555,L,CF
Parapsyche,2018,W-113,Y,111.11111111555556,L,CF
Pelecorhynchidae,2017,CHUCK,N,0,S,P
Pelecorhynchidae,2017,CHUCK,Y,0,S,P
Pelecorhynchidae,2017,LOON,N,0,S,P
Pelecorhynchidae,2017,LOON,Y,0,S,P
Pelecorhynchidae,2017,MCTE,N,0,S,P
Pelecorhynchidae,2017,MCTE,Y,0,S,P
Pelecorhynchidae,2017,W-100,N,0,S,P
Pelecorhynchidae,2017,W-100,Y,7.407407407407407,S,P
Pelecorhynchidae,2017,W-113,N,0,S,P
Pelecorhynchidae,2017,W-113,Y,0,S,P
Pelecorhynchidae,2018,CHUCK,N,0,S,P
Pelecorhynchidae,2018,CHUCK,Y,0,S,P
Pelecorhynchidae,2018,LOON,N,0,S,P
Pelecorhynchidae,2018,LOON,Y,0,S,P
Pelecorhynchidae,2018,MCTE,N,0,S,P
Pelecorhynchidae,2018,MCTE,Y,0,S,P
Pelecorhynchidae,2018,W-100,N,0,S,P
Pelecorhynchidae,2018,W-100,Y,0,S,P
Pelecorhynchidae,2018,W-113,N,0,S,P
Pelecorhynchidae,2018,W-113,Y,0,S,P
Peltoperlidae,2017,CHUCK,N,0,S,SH
Peltoperlidae,2017,CHUCK,Y,3.7037037037037037,S,SH
Peltoperlidae,2017,LOON,N,0,S,SH
Peltoperlidae,2017,LOON,Y,0,S,SH
Peltoperlidae,2017,MCTE,N,0,S,SH
Peltoperlidae,2017,MCTE,Y,0,S,SH
Peltoperlidae,2017,W-100,N,0,S,SH
Peltoperlidae,2017,W-100,Y,0,S,SH
Peltoperlidae,2017,W-113,N,0,S,SH
Peltoperlidae,2017,W-113,Y,0,S,SH
Peltoperlidae,2018,CHUCK,N,0,S,SH
Peltoperlidae,2018,CHUCK,Y,0,S,SH
Peltoperlidae,2018,LOON,N,0,S,SH
Peltoperlidae,2018,LOON,Y,0,S,SH
Peltoperlidae,2018,MCTE,N,0,S,SH
Peltoperlidae,2018,MCTE,Y,0,S,SH
Peltoperlidae,2018,W-100,N,0,S,SH
Peltoperlidae,2018,W-100,Y,0,S,SH
Peltoperlidae,2018,W-113,N,0,S,SH
Peltoperlidae,2018,W-113,Y,0,S,SH
Perlidae,2017,CHUCK,N,0,L,P
Perlidae,2017,CHUCK,Y,0,L,P
Perlidae,2017,LOON,N,0,L,P
Perlidae,2017,LOON,Y,0,L,P
Perlidae,2017,MCTE,N,0,L,P
Perlidae,2017,MCTE,Y,0,L,P
Perlidae,2017,W-100,N,0,L,P
Perlidae,2017,W-100,Y,0,L,P
Perlidae,2017,W-113,N,0,L,P
Perlidae,2017,W-113,Y,0,L,P
Perlidae,2018,CHUCK,N,12.345679012345679,L,P
Perlidae,2018,CHUCK,Y,22.222222224684277,L,P
Perlidae,2018,LOON,N,0,L,P
Perlidae,2018,LOON,Y,0,L,P
Perlidae,2018,MCTE,N,0,L,P
Perlidae,2018,MCTE,Y,0,L,P
Perlidae,2018,W-100,N,55.555555555555564,L,P
Perlidae,2018,W-100,Y,22.222222223111114,L,P
Perlidae,2018,W-113,N,0,L,P
Perlidae,2018,W-113,Y,0,L,P
Philocasca,2017,CHUCK,N,0,S,SH
Philocasca,2017,CHUCK,Y,3.7037037037037037,S,SH
Philocasca,2017,LOON,N,0,S,SH
Philocasca,2017,LOON,Y,0,S,SH
Philocasca,2017,MCTE,N,0,S,SH
Philocasca,2017,MCTE,Y,0,S,SH
Philocasca,2017,W-100,N,0,S,SH
Philocasca,2017,W-100,Y,0,S,SH
Philocasca,2017,W-113,N,0,S,SH
Philocasca,2017,W-113,Y,0,S,SH
Philocasca,2018,CHUCK,N,0,S,SH
Philocasca,2018,CHUCK,Y,0,S,SH
Philocasca,2018,LOON,N,0,S,SH
Philocasca,2018,LOON,Y,0,S,SH
Philocasca,2018,MCTE,N,0,S,SH
Philocasca,2018,MCTE,Y,0,S,SH
Philocasca,2018,W-100,N,0,S,SH
Philocasca,2018,W-100,Y,0,S,SH
Philocasca,2018,W-113,N,0,S,SH
Philocasca,2018,W-113,Y,0,S,SH
Philopotamidae,2017,CHUCK,N,0,L,CF
Philopotamidae,2017,CHUCK,Y,0,L,CF
Philopotamidae,2017,LOON,N,0,L,CF
Philopotamidae,2017,LOON,Y,0,L,CF
Philopotamidae,2017,MCTE,N,7.407407407407407,L,CF
Philopotamidae,2017,MCTE,Y,0,L,CF
Philopotamidae,2017,W-100,N,0,L,CF
Philopotamidae,2017,W-100,Y,0,L,CF
Philopotamidae,2017,W-113,N,0,L,CF
Philopotamidae,2017,W-113,Y,0,L,CF
Philopotamidae,2018,CHUCK,N,12.345679012345679,L,CF
Philopotamidae,2018,CHUCK,Y,0,L,CF
Philopotamidae,2018,LOON,N,0,L,CF
Philopotamidae,2018,LOON,Y,0,L,CF
Philopotamidae,2018,MCTE,N,0,L,CF
Philopotamidae,2018,MCTE,Y,0,L,CF
Philopotamidae,2018,W-100,N,0,L,CF
Philopotamidae,2018,W-100,Y,0,L,CF
Philopotamidae,2018,W-113,N,0,L,CF
Philopotamidae,2018,W-113,Y,0,L,CF
Psychodidae,2017,CHUCK,N,0,L,SCe
Psychodidae,2017,CHUCK,Y,0,L,SCe
Psychodidae,2017,LOON,N,0,L,SCe
Psychodidae,2017,LOON,Y,0,L,SCe
Psychodidae,2017,MCTE,N,0,L,SCe
Psychodidae,2017,MCTE,Y,0,L,SCe
Psychodidae,2017,W-100,N,0,L,SCe
Psychodidae,2017,W-100,Y,0,L,SCe
Psychodidae,2017,W-113,N,0,L,SCe
Psychodidae,2017,W-113,Y,0,L,SCe
Psychodidae,2018,CHUCK,N,0,L,SCe
Psychodidae,2018,CHUCK,Y,11.111111111632189,L,SCe
Psychodidae,2018,LOON,N,0,L,SCe
Psychodidae,2018,LOON,Y,0,L,SCe
Psychodidae,2018,MCTE,N,0,L,SCe
Psychodidae,2018,MCTE,Y,0,L,SCe
Psychodidae,2018,W-100,N,0,L,SCe
Psychodidae,2018,W-100,Y,0,L,SCe
Psychodidae,2018,W-113,N,0,L,SCe
Psychodidae,2018,W-113,Y,0,L,SCe
Psychoglypha,2017,CHUCK,N,0,L,SH
Psychoglypha,2017,CHUCK,Y,0,L,SH
Psychoglypha,2017,LOON,N,3.7037037037037037,L,SH
Psychoglypha,2017,LOON,Y,0,L,SH
Psychoglypha,2017,MCTE,N,0,L,SH
Psychoglypha,2017,MCTE,Y,3.7037037037037037,L,SH
Psychoglypha,2017,W-100,N,0,L,SH
Psychoglypha,2017,W-100,Y,0,L,SH
Psychoglypha,2017,W-113,N,0,L,SH
Psychoglypha,2017,W-113,Y,0,L,SH
Psychoglypha,2018,CHUCK,N,0,L,SH
Psychoglypha,2018,CHUCK,Y,0,L,SH
Psychoglypha,2018,LOON,N,0,L,SH
Psychoglypha,2018,LOON,Y,0,L,SH
Psychoglypha,2018,MCTE,N,0,L,SH
Psychoglypha,2018,MCTE,Y,0,L,SH
Psychoglypha,2018,W-100,N,0,L,SH
Psychoglypha,2018,W-100,Y,0,L,SH
Psychoglypha,2018,W-113,N,0,L,SH
Psychoglypha,2018,W-113,Y,0,L,SH
Pteronarcidae,2017,CHUCK,N,0,L,SH
Pteronarcidae,2017,CHUCK,Y,0,L,SH
Pteronarcidae,2017,LOON,N,0,L,SH
Pteronarcidae,2017,LOON,Y,0,L,SH
Pteronarcidae,2017,MCTE,N,0,L,SH
Pteronarcidae,2017,MCTE,Y,0,L,SH
Pteronarcidae,2017,W-100,N,0,L,SH
Pteronarcidae,2017,W-100,Y,0,L,SH
Pteronarcidae,2017,W-113,N,0,L,SH
Pteronarcidae,2017,W-113,Y,0,L,SH
Pteronarcidae,2018,CHUCK,N,12.345679012345679,L,SH
Pteronarcidae,2018,CHUCK,Y,11.11111111152219,L,SH
Pteronarcidae,2018,LOON,N,0,L,SH
Pteronarcidae,2018,LOON,Y,0,L,SH
Pteronarcidae,2018,MCTE,N,0,L,SH
Pteronarcidae,2018,MCTE,Y,0,L,SH
Pteronarcidae,2018,W-100,N,0,L,SH
Pteronarcidae,2018,W-100,Y,0,L,SH
Pteronarcidae,2018,W-113,N,0,L,SH
Pteronarcidae,2018,W-113,Y,0,L,SH
Pteronarcys,2017,CHUCK,N,0,L,SH
Pteronarcys,2017,CHUCK,Y,0,L,SH
Pteronarcys,2017,LOON,N,0,L,SH
Pteronarcys,2017,LOON,Y,7.407407407407407,L,SH
Pteronarcys,2017,MCTE,N,14.814814814814815,L,SH
Pteronarcys,2017,MCTE,Y,0,L,SH
Pteronarcys,2017,W-100,N,0,L,SH
Pteronarcys,2017,W-100,Y,0,L,SH
Pteronarcys,2017,W-113,N,25.925925925925924,L,SH
Pteronarcys,2017,W-113,Y,3.7037037037037037,L,SH
Pteronarcys,2018,CHUCK,N,12.345679012345679,L,SH
Pteronarcys,2018,CHUCK,Y,66.66666667616276,L,SH
Pteronarcys,2018,LOON,N,5.291005291005291,L,SH
Pteronarcys,2018,LOON,Y,0,L,SH
Pteronarcys,2018,MCTE,N,0,L,SH
Pteronarcys,2018,MCTE,Y,8.230452674897121,L,SH
Pteronarcys,2018,W-100,N,0,L,SH
Pteronarcys,2018,W-100,Y,0,L,SH
Pteronarcys,2018,W-113,N,177.77777784888886,L,SH
Pteronarcys,2018,W-113,Y,0,L,SH
Rhyacophila,2017,CHUCK,N,51.85185185185185,L,P
Rhyacophila,2017,CHUCK,Y,140.74074074074073,L,P
Rhyacophila,2017,LOON,N,11.111111111111109,L,P
Rhyacophila,2017,LOON,Y,18.51851851851852,L,P
Rhyacophila,2017,MCTE,N,40.74074074074074,L,P
Rhyacophila,2017,MCTE,Y,14.814814814814815,L,P
Rhyacophila,2017,W-100,N,7.407407407407407,L,P
Rhyacophila,2017,W-100,Y,159.25925925925927,L,P
Rhyacophila,2017,W-113,N,59.25925925925926,L,P
Rhyacophila,2017,W-113,Y,29.62962962962963,L,P
Rhyacophila,2018,CHUCK,N,160.49382716049385,L,P
Rhyacophila,2018,CHUCK,Y,244.44444447337722,L,P
Rhyacophila,2018,LOON,N,37.03703703703704,L,P
Rhyacophila,2018,LOON,Y,37.03703703703704,L,P
Rhyacophila,2018,MCTE,N,111.1111111393772,L,P
Rhyacophila,2018,MCTE,Y,226.33744855967078,L,P
Rhyacophila,2018,W-100,N,185.1851851851852,L,P
Rhyacophila,2018,W-100,Y,88.88888889244446,L,P
Rhyacophila,2018,W-113,N,222.2222223111111,L,P
Rhyacophila,2018,W-113,Y,102.22222222578311,L,P
Rithrogena,2017,CHUCK,N,0,L,SCe
Rithrogena,2017,CHUCK,Y,0,L,SCe
Rithrogena,2017,LOON,N,0,L,SCe
Rithrogena,2017,LOON,Y,0,L,SCe
Rithrogena,2017,MCTE,N,3.7037037037037037,L,SCe
Rithrogena,2017,MCTE,Y,0,L,SCe
Rithrogena,2017,W-100,N,0,L,SCe
Rithrogena,2017,W-100,Y,0,L,SCe
Rithrogena,2017,W-113,N,0,L,SCe
Rithrogena,2017,W-113,Y,0,L,SCe
Rithrogena,2018,CHUCK,N,12.345679012345679,L,SCe
Rithrogena,2018,CHUCK,Y,11.111111111202222,L,SCe
Rithrogena,2018,LOON,N,0,L,SCe
Rithrogena,2018,LOON,Y,0,L,SCe
Rithrogena,2018,MCTE,N,0,L,SCe
Rithrogena,2018,MCTE,Y,0,L,SCe
Rithrogena,2018,W-100,N,0,L,SCe
Rithrogena,2018,W-100,Y,0,L,SCe
Rithrogena,2018,W-113,N,22.222222231111108,L,SCe
Rithrogena,2018,W-113,Y,0,L,SCe
Sialis,2017,CHUCK,N,0,L,P
Sialis,2017,CHUCK,Y,0,L,P
Sialis,2017,LOON,N,0,L,P
Sialis,2017,LOON,Y,0,L,P
Sialis,2017,MCTE,N,0,L,P
Sialis,2017,MCTE,Y,0,L,P
Sialis,2017,W-100,N,0,L,P
Sialis,2017,W-100,Y,0,L,P
Sialis,2017,W-113,N,0,L,P
Sialis,2017,W-113,Y,0,L,P
Sialis,2018,CHUCK,N,0,L,P
Sialis,2018,CHUCK,Y,0,L,P
Sialis,2018,LOON,N,0,L,P
Sialis,2018,LOON,Y,0,L,P
Sialis,2018,MCTE,N,15.87301587770814,L,P
Sialis,2018,MCTE,Y,185.1851851851852,L,P
Sialis,2018,W-100,N,0,L,P
Sialis,2018,W-100,Y,0,L,P
Sialis,2018,W-113,N,0,L,P
Sialis,2018,W-113,Y,0,L,P
Simuliidae,2017,CHUCK,N,0,S,CF
Simuliidae,2017,CHUCK,Y,3.7037037037037037,S,CF
Simuliidae,2017,LOON,N,0,S,CF
Simuliidae,2017,LOON,Y,18.51851851851852,S,CF
Simuliidae,2017,MCTE,N,3.7037037037037037,S,CF
Simuliidae,2017,MCTE,Y,55.55555555555555,S,CF
Simuliidae,2017,W-100,N,0,S,CF
Simuliidae,2017,W-100,Y,0,S,CF
Simuliidae,2017,W-113,N,0,S,CF
Simuliidae,2017,W-113,Y,0,S,CF
Simuliidae,2018,CHUCK,N,12.345679012345679,S,CF
Simuliidae,2018,CHUCK,Y,55.555555562550715,S,CF
Simuliidae,2018,LOON,N,0,S,CF
Simuliidae,2018,LOON,Y,0,S,CF
Simuliidae,2018,MCTE,N,31.74603175436118,S,CF
Simuliidae,2018,MCTE,Y,0,S,CF
Simuliidae,2018,W-100,N,18.51851851851852,S,CF
Simuliidae,2018,W-100,Y,22.222222223111114,S,CF
Simuliidae,2018,W-113,N,0,S,CF
Simuliidae,2018,W-113,Y,0,S,CF
Smithirnidae,2017,CHUCK,N,0,S,CG
Smithirnidae,2017,CHUCK,Y,0,S,CG
Smithirnidae,2017,LOON,N,0,S,CG
Smithirnidae,2017,LOON,Y,0,S,CG
Smithirnidae,2017,MCTE,N,0,S,CG
Smithirnidae,2017,MCTE,Y,0,S,CG
Smithirnidae,2017,W-100,N,0,S,CG
Smithirnidae,2017,W-100,Y,0,S,CG
Smithirnidae,2017,W-113,N,0,S,CG
Smithirnidae,2017,W-113,Y,0,S,CG
Smithirnidae,2018,CHUCK,N,0,S,CG
Smithirnidae,2018,CHUCK,Y,11.11111111188219,S,CG
Smithirnidae,2018,LOON,N,0,S,CG
Smithirnidae,2018,LOON,Y,0,S,CG
Smithirnidae,2018,MCTE,N,0,S,CG
Smithirnidae,2018,MCTE,Y,0,S,CG
Smithirnidae,2018,W-100,N,0,S,CG
Smithirnidae,2018,W-100,Y,0,S,CG
Smithirnidae,2018,W-113,N,0,S,CG
Smithirnidae,2018,W-113,Y,0,S,CG
Sweltsa,2017,CHUCK,N,162.96296296296296,L,P
Sweltsa,2017,CHUCK,Y,233.33333333333334,L,P
Sweltsa,2017,LOON,N,44.444444444444436,L,P
Sweltsa,2017,LOON,Y,51.85185185185185,L,P
Sweltsa,2017,MCTE,N,351.8518518518518,L,P
Sweltsa,2017,MCTE,Y,81.48148148148148,L,P
Sweltsa,2017,W-100,N,66.66666666666667,L,P
Sweltsa,2017,W-100,Y,77.77777777777777,L,P
Sweltsa,2017,W-113,N,51.85185185185185,L,P
Sweltsa,2017,W-113,Y,214.8148148148148,L,P
Sweltsa,2018,CHUCK,N,148.14814814814815,L,P
Sweltsa,2018,CHUCK,Y,66.66666667758271,L,P
Sweltsa,2018,LOON,N,49.382716049382715,L,P
Sweltsa,2018,LOON,Y,24.691358024691358,L,P
Sweltsa,2018,MCTE,N,238.09523814680892,L,P
Sweltsa,2018,MCTE,Y,222.22222222222226,L,P
Sweltsa,2018,W-100,N,166.66666666666666,L,P
Sweltsa,2018,W-100,Y,44.44444444622223,L,P
Sweltsa,2018,W-113,N,66.66666669333333,L,P
Sweltsa,2018,W-113,Y,44.44444444622223,L,P
Tabanidae,2017,CHUCK,N,0,S,P
Tabanidae,2017,CHUCK,Y,0,S,P
Tabanidae,2017,LOON,N,0,S,P
Tabanidae,2017,LOON,Y,0,S,P
Tabanidae,2017,MCTE,N,3.7037037037037037,S,P
Tabanidae,2017,MCTE,Y,0,S,P
Tabanidae,2017,W-100,N,0,S,P
Tabanidae,2017,W-100,Y,0,S,P
Tabanidae,2017,W-113,N,0,S,P
Tabanidae,2017,W-113,Y,0,S,P
Tabanidae,2018,CHUCK,N,0,S,P
Tabanidae,2018,CHUCK,Y,0,S,P
Tabanidae,2018,LOON,N,0,S,P
Tabanidae,2018,LOON,Y,0,S,P
Tabanidae,2018,MCTE,N,0,S,P
Tabanidae,2018,MCTE,Y,0,S,P
Tabanidae,2018,W-100,N,0,S,P
Tabanidae,2018,W-100,Y,0,S,P
Tabanidae,2018,W-113,N,0,S,P
Tabanidae,2018,W-113,Y,0,S,P
Tipulidae,2017,CHUCK,N,7.407407407407407,L,SH
Tipulidae,2017,CHUCK,Y,11.111111111111109,L,SH
Tipulidae,2017,LOON,N,0,L,SH
Tipulidae,2017,LOON,Y,14.814814814814815,L,SH
Tipulidae,2017,MCTE,N,22.222222222222218,L,SH
Tipulidae,2017,MCTE,Y,7.407407407407407,L,SH
Tipulidae,2017,W-100,N,14.814814814814815,L,SH
Tipulidae,2017,W-100,Y,18.51851851851852,L,SH
Tipulidae,2017,W-113,N,0,L,SH
Tipulidae,2017,W-113,Y,0,L,SH
Tipulidae,2018,CHUCK,N,37.03703703703704,L,SH
Tipulidae,2018,CHUCK,Y,44.444444451388456,L,SH
Tipulidae,2018,LOON,N,37.03703703703704,L,SH
Tipulidae,2018,LOON,Y,49.382716049382715,L,SH
Tipulidae,2018,MCTE,N,47.61904762942013,L,SH
Tipulidae,2018,MCTE,Y,37.03703703703704,L,SH
Tipulidae,2018,W-100,N,37.03703703703704,L,SH
Tipulidae,2018,W-100,Y,22.222222223111114,L,SH
Tipulidae,2018,W-113,N,0,L,SH
Tipulidae,2018,W-113,Y,22.222222223111114,L,SH
Treptobates,2017,CHUCK,N,0,L,CG
Treptobates,2017,CHUCK,Y,0,L,CG
Treptobates,2017,LOON,N,0,L,CG
Treptobates,2017,LOON,Y,0,L,CG
Treptobates,2017,MCTE,N,0,L,CG
Treptobates,2017,MCTE,Y,0,L,CG
Treptobates,2017,W-100,N,0,L,CG
Treptobates,2017,W-100,Y,0,L,CG
Treptobates,2017,W-113,N,0,L,CG
Treptobates,2017,W-113,Y,0,L,CG
Treptobates,2018,CHUCK,N,0,L,CG
Treptobates,2018,CHUCK,Y,0,L,CG
Treptobates,2018,LOON,N,0,L,CG
Treptobates,2018,LOON,Y,0,L,CG
Treptobates,2018,MCTE,N,0,L,CG
Treptobates,2018,MCTE,Y,0,L,CG
Treptobates,2018,W-100,N,18.51851851851852,L,CG
Treptobates,2018,W-100,Y,0,L,CG
Treptobates,2018,W-113,N,0,L,CG
Treptobates,2018,W-113,Y,0,L,CG
Uenoidae,2017,CHUCK,N,3.7037037037037037,L,SCi
Uenoidae,2017,CHUCK,Y,0,L,SCi
Uenoidae,2017,LOON,N,0,L,SCi
Uenoidae,2017,LOON,Y,0,L,SCi
Uenoidae,2017,MCTE,N,0,L,SCi
Uenoidae,2017,MCTE,Y,0,L,SCi
Uenoidae,2017,W-100,N,0,L,SCi
Uenoidae,2017,W-100,Y,0,L,SCi
Uenoidae,2017,W-113,N,3.7037037037037037,L,SCi
Uenoidae,2017,W-113,Y,0,L,SCi
Uenoidae,2018,CHUCK,N,0,L,SCi
Uenoidae,2018,CHUCK,Y,0,L,SCi
Uenoidae,2018,LOON,N,0,L,SCi
Uenoidae,2018,LOON,Y,0,L,SCi
Uenoidae,2018,MCTE,N,0,L,SCi
Uenoidae,2018,MCTE,Y,0,L,SCi
Uenoidae,2018,W-100,N,0,L,SCi
Uenoidae,2018,W-100,Y,0,L,SCi
Uenoidae,2018,W-113,N,0,L,SCi
Uenoidae,2018,W-113,Y,0,L,SCi
Wormalia,2017,CHUCK,N,3.7037037037037037,L,CF
Wormalia,2017,CHUCK,Y,3.7037037037037037,L,CF
Wormalia,2017,LOON,N,7.407407407407407,L,CF
Wormalia,2017,LOON,Y,0,L,CF
Wormalia,2017,MCTE,N,3.7037037037037037,L,CF
Wormalia,2017,MCTE,Y,0,L,CF
Wormalia,2017,W-100,N,0,L,CF
Wormalia,2017,W-100,Y,25.925925925925924,L,CF
Wormalia,2017,W-113,N,0,L,CF
Wormalia,2017,W-113,Y,3.7037037037037037,L,CF
Wormalia,2018,CHUCK,N,24.691358024691358,L,CF
Wormalia,2018,CHUCK,Y,0,L,CF
Wormalia,2018,LOON,N,0,L,CF
Wormalia,2018,LOON,Y,0,L,CF
Wormalia,2018,MCTE,N,0,L,CF
Wormalia,2018,MCTE,Y,0,L,CF
Wormalia,2018,W-100,N,37.03703703703704,L,CF
Wormalia,2018,W-100,Y,0,L,CF
Wormalia,2018,W-113,N,0,L,CF
Wormalia,2018,W-113,Y,0,L,CF
Yoraperla,2017,CHUCK,N,11.111111111111109,S,SH
Yoraperla,2017,CHUCK,Y,18.51851851851852,S,SH
Yoraperla,2017,LOON,N,0,S,SH
Yoraperla,2017,LOON,Y,0,S,SH
Yoraperla,2017,MCTE,N,903.7037037037036,S,SH
Yoraperla,2017,MCTE,Y,118.51851851851852,S,SH
Yoraperla,2017,W-100,N,0,S,SH
Yoraperla,2017,W-100,Y,0,S,SH
Yoraperla,2017,W-113,N,59.25925925925926,S,SH
Yoraperla,2017,W-113,Y,18.51851851851852,S,SH
Yoraperla,2018,CHUCK,N,24.691358024691358,S,SH
Yoraperla,2018,CHUCK,Y,133.3333333464959,S,SH
Yoraperla,2018,LOON,N,0,S,SH
Yoraperla,2018,LOON,Y,0,S,SH
Yoraperla,2018,MCTE,N,841.2698414570858,S,SH
Yoraperla,2018,MCTE,Y,407.4074074074074,S,SH
Yoraperla,2018,W-100,N,0,S,SH
Yoraperla,2018,W-100,Y,0,S,SH
Yoraperla,2018,W-113,N,0,S,SH
Yoraperla,2018,W-113,Y,0,S,SH
Zapada,2017,CHUCK,N,40.74074074074074,S,SH
Zapada,2017,CHUCK,Y,51.85185185185185,S,SH
Zapada,2017,LOON,N,14.814814814814815,S,SH
Zapada,2017,LOON,Y,77.77777777777777,S,SH
Zapada,2017,MCTE,N,140.74074074074073,S,SH
Zapada,2017,MCTE,Y,159.25925925925927,S,SH
Zapada,2017,W-100,N,7.407407407407407,S,SH
Zapada,2017,W-100,Y,70.37037037037037,S,SH
Zapada,2017,W-113,N,33.333333333333336,S,SH
Zapada,2017,W-113,Y,3.7037037037037037,S,SH
Zapada,2018,CHUCK,N,61.7283950617284,S,SH
Zapada,2018,CHUCK,Y,177.77777780258415,S,SH
Zapada,2018,LOON,N,74.07407407407408,S,SH
Zapada,2018,LOON,Y,37.03703703703704,S,SH
Zapada,2018,MCTE,N,238.09523814478834,S,SH
Zapada,2018,MCTE,Y,481.4814814814815,S,SH
Zapada,2018,W-100,N,129.62962962962965,S,SH
Zapada,2018,W-100,Y,66.66666666933334,S,SH
Zapada,2018,W-113,N,311.1111112355555,S,SH
Zapada,2018,W-113,Y,400.00000001600006,S,SH
